file_path,teeth,age_in_year,breed,height_in_inch,weight_in_kg
data\images\BLF2286\BLF2286_3.jpg,0,0,2,44.0,208.0
data\images\BLF2014\BLF2014_3.jpg,0,0,2,42.0,185.0
data\images\BLF2640\BLF2640_0.jpg,1,1,6,49.6,300.0
data\images\BLF2071\BLF2071_1.jpg,1,1,2,47.0,250.0
data\images\BLF2195\BLF2195_1.jpg,0,0,2,44.0,216.0
data\images\BLF2131\BLF2131_1.jpg,0,0,2,46.0,212.0
data\images\BLF2200\BLF2200_2.jpg,0,0,2,49.4,217.0
data\images\BLF2278\BLF2278_2.jpg,1,1,6,44.2,212.0
data\images\BLF2291\BLF2291_2.jpg,0,0,2,39.0,160.0
data\images\BLF2264\BLF2264_1.jpg,0,0,2,47.0,240.0
data\images\BLF2104\BLF2104_2.jpg,1,1,2,42.4,181.0
data\images\BLF2668\BLF2668_2.jpg,0,0,2,49.5,273.0
data\images\BLF2227\BLF2227_3.jpg,0,0,2,46.0,245.0
data\images\BLF2619\BLF2619_0.jpg,1,1,2,44.7,203.0
data\images\BLF2278\BLF2278_0.jpg,1,1,6,44.2,212.0
data\images\BLF2621\BLF2621_3.jpg,1,1,2,49.6,240.0
data\images\BLF2184\BLF2184_1.jpg,0,0,2,44.3,235.0
data\images\BLF2293\BLF2293_1.jpg,0,0,2,41.0,170.0
data\images\BLF2268\BLF2268_2.jpg,0,0,5,48.0,224.0
data\images\BLF2620\BLF2620_1.jpg,0,0,2,44.3,206.0
data\images\BLF2062\BLF2062_2.jpg,0,0,7,47.0,267.0
data\images\BLF2248\BLF2248_1.jpg,1,1,2,50.0,255.0
data\images\BLF2300\BLF2300_0.jpg,0,0,2,44.5,197.0
data\images\BLF2058\BLF2058_1.jpg,0,0,2,46.8,220.0
data\images\BLF2677\BLF2677_0.jpg,0,0,2,51.2,380.0
data\images\BLF2137\BLF2137_2.jpg,1,1,2,48.0,239.0
data\images\BLF2004\BLF2004_3.jpg,0,0,2,43.5,202.0
data\images\BLF2311\BLF2311_3.jpg,1,1,5,44.0,181.0
data\images\BLF2145\BLF2145_0.jpg,0,0,6,47.0,249.0
data\images\BLF2120\BLF2120_1.jpg,0,0,2,48.1,220.0
data\images\BLF2658\BLF2658_3.jpg,0,0,2,43.1,197.0
data\images\BLF2565\BLF2565_3.jpg,0,0,2,46.5,234.0
data\images\BLF2112\BLF2112_1.jpg,0,0,2,50.9,270.0
data\images\BLF2011\BLF2011_1.jpg,1,1,2,45.8,245.0
data\images\BLF2137\BLF2137_0.jpg,1,1,2,48.0,239.0
data\images\BLF2061\BLF2061_3.jpg,0,0,7,46.0,288.0
data\images\BLF2274\BLF2274_0.jpg,1,1,2,45.6,235.0
data\images\BLF2256\BLF2256_1.jpg,0,0,2,45.0,229.0
data\images\BLF2168\BLF2168_2.jpg,0,0,2,46.0,202.0
data\images\BLF2568\BLF2568_1.jpg,0,0,2,41.0,187.0
data\images\BLF2102\BLF2102_2.jpg,1,1,2,42.9,179.0
data\images\BLF2147\BLF2147_1.jpg,0,0,2,47.7,266.0
data\images\BLF2042\BLF2042_1.jpg,0,0,7,53.6,345.0
data\images\BLF2119\BLF2119_3.jpg,0,0,7,45.7,235.0
data\images\BLF2528\BLF2528_2.jpg,0,0,7,54.9,477.0
data\images\BLF2248\BLF2248_2.jpg,1,1,2,50.0,255.0
data\images\BLF2590\BLF2590_1.jpg,0,0,7,45.5,270.0
data\images\BLF2578\BLF2578_1.jpg,0,0,2,42.3,220.0
data\images\BLF2116\BLF2116_3.jpg,0,0,6,46.0,263.0
data\images\BLF2185\BLF2185_2.jpg,0,0,7,47.0,279.0
data\images\BLF2330\BLF2330_2.jpg,0,0,2,46.0,231.0
data\images\BLF2529\BLF2529_3.jpg,0,0,2,43.1,293.0
data\images\BLF2502\BLF2502_0.jpg,2,2,0,57.6,816.0
data\images\BLF2332\BLF2332_0.jpg,0,0,2,39.0,150.0
data\images\BLF2215\BLF2215_1.jpg,0,0,2,50.4,275.0
data\images\BLF2063\BLF2063_0.jpg,0,0,5,48.3,286.0
data\images\BLF2600\BLF2600_0.jpg,1,1,6,44.3,257.0
data\images\BLF2505\BLF2505_0.jpg,0,0,6,51.9,375.0
data\images\BLF2325\BLF2325_1.jpg,0,0,2,46.8,230.0
data\images\BLF2664\BLF2664_0.jpg,0,0,1,48.5,276.0
data\images\BLF2281\BLF2281_3.jpg,1,1,2,44.6,241.0
data\images\BLF2230\BLF2230_1.jpg,1,1,2,45.0,185.0
data\images\BLF2097\BLF2097_2.jpg,0,0,2,45.6,213.0
data\images\BLF2158\BLF2158_1.jpg,0,0,2,43.0,172.0
data\images\BLF2073\BLF2073_2.jpg,0,0,2,49.0,300.0
data\images\BLF2192\BLF2192_2.jpg,0,0,2,45.6,244.0
data\images\BLF2604\BLF2604_3.jpg,0,0,2,42.0,186.0
data\images\BLF2588\BLF2588_3.jpg,0,0,2,42.9,233.0
data\images\BLF2161\BLF2161_3.jpg,0,0,2,44.8,204.0
data\images\BLF2576\BLF2576_0.jpg,0,0,2,45.0,230.0
data\images\BLF2066\BLF2066_2.jpg,0,0,2,42.6,185.0
data\images\BLF2319\BLF2319_1.jpg,1,1,2,43.6,227.0
data\images\BLF2118\BLF2118_2.jpg,0,0,6,49.6,300.0
data\images\BLF2643\BLF2643_3.jpg,0,0,6,44.0,259.0
data\images\BLF2537\BLF2537_2.jpg,0,0,1,53.6,420.0
data\images\BLF2005\BLF2005_1.jpg,0,0,2,45.0,205.0
data\images\BLF2323\BLF2323_2.jpg,0,0,2,43.0,252.0
data\images\BLF2018\BLF2018_2.jpg,0,0,2,45.0,200.0
data\images\BLF2322\BLF2322_1.jpg,0,0,5,40.0,178.0
data\images\BLF2007\BLF2007_0.jpg,0,0,2,46.0,240.0
data\images\BLF2130\BLF2130_3.jpg,1,1,2,48.0,285.0
data\images\BLF2122\BLF2122_3.jpg,0,0,6,45.4,247.0
data\images\BLF2564\BLF2564_0.jpg,0,0,2,42.0,192.0
data\images\BLF2094\BLF2094_2.jpg,0,0,2,48.0,221.0
data\images\BLF2039\BLF2039_3.jpg,0,0,2,44.3,210.0
data\images\BLF2049\BLF2049_3.jpg,0,0,2,50.3,300.0
data\images\BLF2665\BLF2665_1.jpg,0,0,2,46.5,226.0
data\images\BLF2184\BLF2184_3.jpg,0,0,2,44.3,235.0
data\images\BLF2275\BLF2275_1.jpg,0,0,2,45.9,231.0
data\images\BLF2575\BLF2575_3.jpg,0,0,2,43.1,211.0
data\images\BLF2536\BLF2536_0.jpg,0,0,1,48.3,511.0
data\images\BLF2213\BLF2213_3.jpg,1,1,2,44.4,194.0
data\images\BLF2670\BLF2670_3.jpg,0,0,2,44.3,235.0
data\images\BLF2118\BLF2118_3.jpg,0,0,6,49.6,300.0
data\images\BLF2080\BLF2080_0.jpg,0,0,2,44.0,239.0
data\images\BLF2078\BLF2078_0.jpg,0,0,6,45.6,227.0
data\images\BLF2610\BLF2610_1.jpg,0,0,2,48.4,302.0
data\images\BLF2053\BLF2053_2.jpg,0,0,2,51.0,302.0
data\images\BLF2662\BLF2662_0.jpg,0,0,2,45.0,238.0
data\images\BLF2624\BLF2624_1.jpg,0,0,2,39.0,208.0
data\images\BLF2598\BLF2598_3.jpg,0,0,2,43.1,199.0
data\images\BLF2661\BLF2661_1.jpg,0,0,6,46.9,249.0
data\images\BLF2644\BLF2644_1.jpg,0,0,6,46.9,257.0
data\images\BLF2013\BLF2013_3.jpg,0,0,2,48.0,255.0
data\images\BLF2090\BLF2090_2.jpg,0,0,6,49.0,263.0
data\images\BLF2275\BLF2275_3.jpg,0,0,2,45.9,231.0
data\images\BLF2017\BLF2017_1.jpg,0,0,2,46.0,210.0
data\images\BLF2039\BLF2039_2.jpg,0,0,2,44.3,210.0
data\images\BLF2534\BLF2534_0.jpg,0,0,1,50.9,390.0
data\images\BLF2257\BLF2257_1.jpg,1,1,2,47.2,238.0
data\images\BLF2294\BLF2294_1.jpg,0,0,2,41.5,154.0
data\images\BLF2267\BLF2267_1.jpg,1,1,2,48.5,222.0
data\images\BLF2153\BLF2153_2.jpg,0,0,2,49.6,275.0
data\images\BLF2611\BLF2611_3.jpg,1,1,7,53.6,412.0
data\images\BLF2010\BLF2010_1.jpg,0,0,2,47.0,224.0
data\images\BLF2249\BLF2249_1.jpg,1,1,2,45.5,211.0
data\images\BLF2317\BLF2317_1.jpg,0,0,2,47.0,182.0
data\images\BLF2601\BLF2601_1.jpg,0,0,6,46.6,273.0
data\images\BLF2236\BLF2236_0.jpg,1,1,2,45.0,199.0
data\images\BLF2018\BLF2018_0.jpg,0,0,2,45.0,200.0
data\images\BLF2658\BLF2658_1.jpg,0,0,2,43.1,197.0
data\images\BLF2529\BLF2529_0.jpg,0,0,2,43.1,293.0
data\images\BLF2517\BLF2517_1.jpg,0,0,2,45.6,247.0
data\images\BLF2192\BLF2192_0.jpg,0,0,2,45.6,244.0
data\images\BLF2120\BLF2120_2.jpg,0,0,2,48.1,220.0
data\images\BLF2101\BLF2101_3.jpg,0,0,2,44.5,238.0
data\images\BLF2670\BLF2670_0.jpg,0,0,2,44.3,235.0
data\images\BLF2006\BLF2006_2.jpg,0,0,6,48.0,258.0
data\images\BLF2279\BLF2279_0.jpg,0,0,2,44.3,231.0
data\images\BLF2554\BLF2554_1.jpg,0,0,2,45.2,254.0
data\images\BLF2089\BLF2089_1.jpg,0,0,2,47.0,275.0
data\images\BLF2595\BLF2595_3.jpg,0,0,2,46.0,243.0
data\images\BLF2234\BLF2234_0.jpg,1,1,2,44.0,197.0
data\images\BLF2568\BLF2568_3.jpg,0,0,2,41.0,187.0
data\images\BLF2133\BLF2133_2.jpg,0,0,2,44.5,230.0
data\images\BLF2563\BLF2563_3.jpg,1,1,2,42.9,206.0
data\images\BLF2568\BLF2568_0.jpg,0,0,2,41.0,187.0
data\images\BLF2643\BLF2643_1.jpg,0,0,6,44.0,259.0
data\images\BLF2569\BLF2569_2.jpg,1,1,2,47.0,276.0
data\images\BLF2085\BLF2085_0.jpg,0,0,2,44.0,195.0
data\images\BLF2010\BLF2010_0.jpg,0,0,2,47.0,224.0
data\images\BLF2236\BLF2236_1.jpg,1,1,2,45.0,199.0
data\images\BLF2041\BLF2041_0.jpg,0,0,2,44.0,220.0
data\images\BLF2074\BLF2074_3.jpg,0,0,4,45.6,210.0
data\images\BLF2086\BLF2086_3.jpg,0,0,2,45.5,223.0
data\images\BLF2111\BLF2111_2.jpg,0,0,2,44.0,291.0
data\images\BLF2087\BLF2087_0.jpg,0,0,2,49.2,287.0
data\images\BLF2660\BLF2660_2.jpg,1,1,2,44.0,215.0
data\images\BLF2547\BLF2547_0.jpg,0,0,1,48.3,444.0
data\images\BLF2529\BLF2529_1.jpg,0,0,2,43.1,293.0
data\images\BLF2172\BLF2172_2.jpg,0,0,2,46.5,200.0
data\images\BLF2618\BLF2618_1.jpg,0,0,2,49.0,254.0
data\images\BLF2107\BLF2107_0.jpg,1,1,6,46.9,271.0
data\images\BLF2641\BLF2641_1.jpg,0,0,6,47.0,270.0
data\images\BLF2196\BLF2196_0.jpg,0,0,2,46.0,248.0
data\images\BLF2306\BLF2306_1.jpg,0,0,6,47.8,285.0
data\images\BLF2149\BLF2149_2.jpg,0,0,1,48.0,244.0
data\images\BLF2087\BLF2087_1.jpg,0,0,2,49.2,287.0
data\images\BLF2140\BLF2140_3.jpg,0,0,6,49.0,244.0
data\images\BLF2274\BLF2274_3.jpg,1,1,2,45.6,235.0
data\images\BLF2156\BLF2156_2.jpg,0,0,2,45.8,219.0
data\images\BLF2045\BLF2045_1.jpg,0,0,2,44.0,225.0
data\images\BLF2246\BLF2246_2.jpg,0,0,2,45.0,228.0
data\images\BLF2227\BLF2227_2.jpg,0,0,2,46.0,245.0
data\images\BLF2659\BLF2659_1.jpg,0,0,2,47.0,248.0
data\images\BLF2307\BLF2307_2.jpg,1,1,7,48.4,264.0
data\images\BLF2074\BLF2074_0.jpg,0,0,4,45.6,210.0
data\images\BLF2311\BLF2311_1.jpg,1,1,5,44.0,181.0
data\images\BLF2541\BLF2541_2.jpg,0,0,1,50.8,466.0
data\images\BLF2554\BLF2554_0.jpg,0,0,2,45.2,254.0
data\images\BLF2576\BLF2576_1.jpg,0,0,2,45.0,230.0
data\images\BLF2094\BLF2094_1.jpg,0,0,2,48.0,221.0
data\images\BLF2662\BLF2662_2.jpg,0,0,2,45.0,238.0
data\images\BLF2516\BLF2516_1.jpg,0,0,1,50.0,355.0
data\images\BLF2254\BLF2254_2.jpg,1,1,2,45.3,222.0
data\images\BLF2042\BLF2042_3.jpg,0,0,7,53.6,345.0
data\images\BLF2304\BLF2304_1.jpg,0,0,7,49.8,230.0
data\images\BLF2179\BLF2179_0.jpg,0,0,2,48.0,283.0
data\images\BLF2579\BLF2579_0.jpg,0,0,2,42.8,202.0
data\images\BLF2029\BLF2029_3.jpg,1,1,6,45.8,225.0
data\images\BLF2097\BLF2097_1.jpg,0,0,2,45.6,213.0
data\images\BLF2202\BLF2202_0.jpg,1,1,2,45.0,209.0
data\images\BLF2146\BLF2146_2.jpg,0,0,7,50.0,289.0
data\images\BLF2008\BLF2008_3.jpg,0,0,5,43.2,215.0
data\images\BLF2332\BLF2332_1.jpg,0,0,2,39.0,150.0
data\images\BLF2128\BLF2128_3.jpg,0,0,2,49.4,260.0
data\images\BLF2081\BLF2081_3.jpg,1,1,7,46.9,280.0
data\images\BLF2632\BLF2632_2.jpg,0,0,2,44.0,226.0
data\images\BLF2047\BLF2047_2.jpg,0,0,7,50.0,315.0
data\images\BLF2533\BLF2533_3.jpg,0,1,1,52.0,434.0
data\images\BLF2599\BLF2599_2.jpg,0,0,5,49.6,280.0
data\images\BLF2605\BLF2605_2.jpg,1,1,2,46.0,254.0
data\images\BLF2079\BLF2079_2.jpg,1,1,7,48.3,262.0
data\images\BLF2535\BLF2535_1.jpg,0,0,1,51.1,390.0
data\images\BLF2065\BLF2065_2.jpg,0,0,5,46.8,216.0
data\images\BLF2190\BLF2190_0.jpg,0,0,7,48.0,269.0
data\images\BLF2533\BLF2533_0.jpg,0,1,1,52.0,434.0
data\images\BLF2506\BLF2506_1.jpg,0,0,2,54.0,430.0
data\images\BLF2015\BLF2015_3.jpg,0,0,2,44.0,200.0
data\images\BLF2247\BLF2247_2.jpg,0,0,2,43.4,200.0
data\images\BLF2635\BLF2635_1.jpg,0,0,2,49.0,257.0
data\images\BLF2172\BLF2172_0.jpg,0,0,2,46.5,200.0
data\images\BLF2175\BLF2175_2.jpg,0,0,6,43.0,208.0
data\images\BLF2547\BLF2547_2.jpg,0,0,1,48.3,444.0
data\images\BLF2521\BLF2521_2.jpg,0,0,2,53.0,407.0
data\images\BLF2528\BLF2528_1.jpg,0,0,7,54.9,477.0
data\images\BLF2522\BLF2522_3.jpg,0,0,6,56.4,487.0
data\images\BLF2240\BLF2240_2.jpg,1,1,2,46.8,217.0
data\images\BLF2567\BLF2567_1.jpg,0,0,2,43.4,216.0
data\images\BLF2504\BLF2504_3.jpg,0,0,6,50.8,383.0
data\images\BLF2585\BLF2585_0.jpg,0,0,2,46.9,234.0
data\images\BLF2523\BLF2523_3.jpg,0,0,2,49.0,280.0
data\images\BLF2245\BLF2245_3.jpg,0,0,7,46.8,258.0
data\images\BLF2612\BLF2612_0.jpg,0,0,2,43.0,203.0
data\images\BLF2677\BLF2677_2.jpg,0,0,2,51.2,380.0
data\images\BLF2201\BLF2201_0.jpg,0,0,2,49.8,257.0
data\images\BLF2182\BLF2182_1.jpg,0,0,2,46.0,241.0
data\images\BLF2558\BLF2558_3.jpg,0,0,6,51.1,272.0
data\images\BLF2571\BLF2571_0.jpg,0,0,6,52.3,382.0
data\images\BLF2591\BLF2591_2.jpg,0,0,2,42.9,195.0
data\images\BLF2502\BLF2502_3.jpg,2,2,0,57.6,816.0
data\images\BLF2602\BLF2602_0.jpg,0,0,6,49.6,315.0
data\images\BLF2677\BLF2677_1.jpg,0,0,2,51.2,380.0
data\images\BLF2650\BLF2650_0.jpg,0,0,2,46.8,207.0
data\images\BLF2282\BLF2282_0.jpg,0,0,2,46.8,251.0
data\images\BLF2530\BLF2530_1.jpg,0,0,2,51.0,389.0
data\images\BLF2064\BLF2064_1.jpg,0,0,7,50.0,305.0
data\images\BLF2299\BLF2299_2.jpg,0,0,2,47.9,237.0
data\images\BLF2618\BLF2618_2.jpg,0,0,2,49.0,254.0
data\images\BLF2059\BLF2059_0.jpg,0,0,2,42.9,213.0
data\images\BLF2647\BLF2647_1.jpg,1,1,7,48.0,248.0
data\images\BLF2237\BLF2237_0.jpg,1,1,2,45.5,203.0
data\images\BLF2262\BLF2262_0.jpg,0,0,2,46.2,213.0
data\images\BLF2545\BLF2545_0.jpg,0,0,2,56.1,497.0
data\images\BLF2277\BLF2277_2.jpg,0,0,2,42.0,210.0
data\images\BLF2143\BLF2143_0.jpg,0,0,5,40.6,170.0
data\images\BLF2090\BLF2090_1.jpg,0,0,6,49.0,263.0
data\images\BLF2261\BLF2261_2.jpg,0,0,2,44.9,224.0
data\images\BLF2316\BLF2316_3.jpg,0,0,2,43.0,191.0
data\images\BLF2210\BLF2210_1.jpg,1,1,2,55.0,311.0
data\images\BLF2190\BLF2190_3.jpg,0,0,7,48.0,269.0
data\images\BLF2591\BLF2591_3.jpg,0,0,2,42.9,195.0
data\images\BLF2150\BLF2150_3.jpg,0,0,2,44.0,223.0
data\images\BLF2016\BLF2016_3.jpg,1,1,2,44.0,185.0
data\images\BLF2166\BLF2166_2.jpg,0,0,2,44.0,282.0
data\images\BLF2063\BLF2063_3.jpg,0,0,5,48.3,286.0
data\images\BLF2011\BLF2011_3.jpg,1,1,2,45.8,245.0
data\images\BLF2048\BLF2048_2.jpg,1,1,2,50.0,285.0
data\images\BLF2583\BLF2583_2.jpg,0,0,2,43.3,219.0
data\images\BLF2168\BLF2168_3.jpg,0,0,2,46.0,202.0
data\images\BLF2082\BLF2082_0.jpg,1,1,6,47.0,272.0
data\images\BLF2514\BLF2514_2.jpg,0,0,1,42.0,278.0
data\images\BLF2154\BLF2154_0.jpg,0,0,2,45.0,220.0
data\images\BLF2596\BLF2596_3.jpg,1,1,2,42.0,203.0
data\images\BLF2555\BLF2555_3.jpg,1,1,2,41.6,226.0
data\images\BLF2303\BLF2303_0.jpg,1,1,2,50.9,300.0
data\images\BLF2270\BLF2270_1.jpg,0,0,2,44.8,222.0
data\images\BLF2233\BLF2233_3.jpg,1,1,2,45.0,205.0
data\images\BLF2623\BLF2623_3.jpg,0,0,2,49.6,316.0
data\images\BLF2181\BLF2181_2.jpg,0,0,2,48.0,245.0
data\images\BLF2105\BLF2105_2.jpg,0,0,2,49.4,259.0
data\images\BLF2298\BLF2298_0.jpg,0,0,2,43.7,218.0
data\images\BLF2119\BLF2119_2.jpg,0,0,7,45.7,235.0
data\images\BLF2153\BLF2153_1.jpg,0,0,2,49.6,275.0
data\images\BLF2656\BLF2656_3.jpg,1,1,2,45.0,209.0
data\images\BLF2175\BLF2175_0.jpg,0,0,6,43.0,208.0
data\images\BLF2673\BLF2673_2.jpg,0,0,2,45.7,266.0
data\images\BLF2543\BLF2543_3.jpg,0,0,1,50.0,440.0
data\images\BLF2328\BLF2328_0.jpg,0,0,2,48.4,251.0
data\images\BLF2098\BLF2098_2.jpg,0,0,2,47.1,257.0
data\images\BLF2148\BLF2148_0.jpg,1,1,2,48.0,283.0
data\images\BLF2114\BLF2114_2.jpg,0,0,2,45.0,246.0
data\images\BLF2108\BLF2108_0.jpg,0,0,2,47.2,250.0
data\images\BLF2047\BLF2047_0.jpg,0,0,7,50.0,315.0
data\images\BLF2534\BLF2534_1.jpg,0,0,1,50.9,390.0
data\images\BLF2183\BLF2183_0.jpg,1,1,2,48.0,247.0
data\images\BLF2072\BLF2072_0.jpg,0,0,6,48.3,281.0
data\images\BLF2153\BLF2153_3.jpg,0,0,2,49.6,275.0
data\images\BLF2161\BLF2161_2.jpg,0,0,2,44.8,204.0
data\images\BLF2663\BLF2663_3.jpg,0,0,2,42.5,206.0
data\images\BLF2626\BLF2626_3.jpg,0,0,2,39.1,197.0
data\images\BLF2243\BLF2243_0.jpg,0,0,2,46.0,251.0
data\images\BLF2034\BLF2034_1.jpg,0,0,2,43.5,210.0
data\images\BLF2187\BLF2187_0.jpg,0,0,5,44.0,254.0
data\images\BLF 2340\BLF 2340_2.jpg,0,0,2,50.9,270.0
data\images\BLF2194\BLF2194_2.jpg,0,0,2,42.2,196.0
data\images\BLF2144\BLF2144_2.jpg,0,0,2,47.2,222.0
data\images\BLF2646\BLF2646_1.jpg,0,0,2,46.0,230.0
data\images\BLF2296\BLF2296_1.jpg,0,0,7,47.0,211.0
data\images\BLF2083\BLF2083_3.jpg,0,0,2,43.0,205.0
data\images\BLF2657\BLF2657_1.jpg,0,0,2,38.8,152.0
data\images\BLF2101\BLF2101_0.jpg,0,0,2,44.5,238.0
data\images\BLF2312\BLF2312_3.jpg,0,0,2,41.2,176.0
data\images\BLF2065\BLF2065_1.jpg,0,0,5,46.8,216.0
data\images\BLF2093\BLF2093_0.jpg,1,1,2,46.8,222.0
data\images\BLF2275\BLF2275_2.jpg,0,0,2,45.9,231.0
data\images\BLF2669\BLF2669_1.jpg,1,1,2,46.0,235.0
data\images\BLF2108\BLF2108_3.jpg,0,0,2,47.2,250.0
data\images\BLF2066\BLF2066_3.jpg,0,0,2,42.6,185.0
data\images\BLF2045\BLF2045_0.jpg,0,0,2,44.0,225.0
data\images\BLF2567\BLF2567_2.jpg,0,0,2,43.4,216.0
data\images\BLF2060\BLF2060_0.jpg,0,0,2,46.9,220.0
data\images\BLF2142\BLF2142_0.jpg,0,0,2,42.2,211.0
data\images\BLF2136\BLF2136_0.jpg,0,0,1,46.0,257.0
data\images\BLF2131\BLF2131_2.jpg,0,0,2,46.0,212.0
data\images\BLF2110\BLF2110_1.jpg,1,1,4,55.5,315.0
data\images\BLF2172\BLF2172_1.jpg,0,0,2,46.5,200.0
data\images\BLF2132\BLF2132_0.jpg,0,0,2,48.0,275.0
data\images\BLF2102\BLF2102_3.jpg,1,1,2,42.9,179.0
data\images\BLF2067\BLF2067_1.jpg,0,0,2,43.0,227.0
data\images\BLF2531\BLF2531_1.jpg,0,0,7,49.0,380.0
data\images\BLF2061\BLF2061_2.jpg,0,0,7,46.0,288.0
data\images\BLF2102\BLF2102_1.jpg,1,1,2,42.9,179.0
data\images\BLF2343\BLF2343_1.jpg,0,0,2,44.3,222.0
data\images\BLF2076\BLF2076_2.jpg,0,0,2,48.4,272.0
data\images\BLF2677\BLF2677_3.jpg,0,0,2,51.2,380.0
data\images\BLF2145\BLF2145_1.jpg,0,0,6,47.0,249.0
data\images\BLF2105\BLF2105_1.jpg,0,0,2,49.4,259.0
data\images\BLF2647\BLF2647_2.jpg,1,1,7,48.0,248.0
data\images\BLF2297\BLF2297_1.jpg,1,1,2,45.1,247.0
data\images\BLF2502\BLF2502_1.jpg,2,2,0,57.6,816.0
data\images\BLF2660\BLF2660_1.jpg,1,1,2,44.0,215.0
data\images\BLF2651\BLF2651_2.jpg,0,0,2,44.5,192.0
data\images\BLF2581\BLF2581_0.jpg,0,0,6,44.0,229.0
data\images\BLF2538\BLF2538_0.jpg,0,0,1,53.6,477.0
data\images\BLF2130\BLF2130_2.jpg,1,1,2,48.0,285.0
data\images\BLF2185\BLF2185_1.jpg,0,0,7,47.0,279.0
data\images\BLF2316\BLF2316_0.jpg,0,0,2,43.0,191.0
data\images\BLF2044\BLF2044_2.jpg,0,0,2,47.1,255.0
data\images\BLF2041\BLF2041_2.jpg,0,0,2,44.0,220.0
data\images\BLF2146\BLF2146_0.jpg,0,0,7,50.0,289.0
data\images\BLF2152\BLF2152_2.jpg,1,1,2,44.0,220.0
data\images\BLF2648\BLF2648_0.jpg,0,0,2,46.0,235.0
data\images\BLF2589\BLF2589_2.jpg,0,0,6,43.0,223.0
data\images\BLF2221\BLF2221_0.jpg,1,1,2,47.0,239.0
data\images\BLF2582\BLF2582_1.jpg,1,1,2,46.0,222.0
data\images\BLF2067\BLF2067_0.jpg,0,0,2,43.0,227.0
data\images\BLF2666\BLF2666_0.jpg,0,0,2,47.0,240.0
data\images\BLF2179\BLF2179_1.jpg,0,0,2,48.0,283.0
data\images\BLF2234\BLF2234_2.jpg,1,1,2,44.0,197.0
data\images\BLF2091\BLF2091_3.jpg,0,0,6,49.8,273.0
data\images\BLF2054\BLF2054_2.jpg,0,0,7,47.2,273.0
data\images\BLF2320\BLF2320_3.jpg,0,0,2,46.0,215.0
data\images\BLF2248\BLF2248_3.jpg,1,1,2,50.0,255.0
data\images\BLF2616\BLF2616_1.jpg,0,0,2,47.1,246.0
data\images\BLF2128\BLF2128_2.jpg,0,0,2,49.4,260.0
data\images\BLF2082\BLF2082_2.jpg,1,1,6,47.0,272.0
data\images\BLF2252\BLF2252_1.jpg,0,0,2,47.7,246.0
data\images\BLF2343\BLF2343_3.jpg,0,0,2,44.3,222.0
data\images\BLF2269\BLF2269_0.jpg,0,0,6,47.5,250.0
data\images\BLF2283\BLF2283_2.jpg,0,0,2,46.0,220.0
data\images\BLF2002\BLF2002_3.jpg,1,1,2,51.0,296.0
data\images\BLF2175\BLF2175_3.jpg,0,0,6,43.0,208.0
data\images\BLF2585\BLF2585_1.jpg,0,0,2,46.9,234.0
data\images\BLF2561\BLF2561_0.jpg,0,0,7,48.4,289.0
data\images\BLF2598\BLF2598_2.jpg,0,0,2,43.1,199.0
data\images\BLF2612\BLF2612_3.jpg,0,0,2,43.0,203.0
data\images\BLF2234\BLF2234_3.jpg,1,1,2,44.0,197.0
data\images\BLF2115\BLF2115_1.jpg,0,0,7,48.7,280.0
data\images\BLF2532\BLF2532_0.jpg,1,1,6,50.2,365.0
data\images\BLF2048\BLF2048_3.jpg,1,1,2,50.0,285.0
data\images\BLF2308\BLF2308_1.jpg,0,0,2,44.2,204.0
data\images\BLF2270\BLF2270_0.jpg,0,0,2,44.8,222.0
data\images\BLF2644\BLF2644_0.jpg,0,0,6,46.9,257.0
data\images\BLF2333\BLF2333_2.jpg,0,0,2,46.9,207.0
data\images\BLF2517\BLF2517_2.jpg,0,0,2,45.6,247.0
data\images\BLF2188\BLF2188_1.jpg,0,0,2,49.0,261.0
data\images\BLF2673\BLF2673_0.jpg,0,0,2,45.7,266.0
data\images\BLF2659\BLF2659_2.jpg,0,0,2,47.0,248.0
data\images\BLF2645\BLF2645_1.jpg,1,1,2,46.8,244.0
data\images\BLF2272\BLF2272_2.jpg,0,0,5,47.0,239.0
data\images\BLF2507\BLF2507_0.jpg,0,0,4,54.0,340.0
data\images\BLF2009\BLF2009_3.jpg,0,0,2,45.0,226.0
data\images\BLF2067\BLF2067_2.jpg,0,0,2,43.0,227.0
data\images\BLF2562\BLF2562_3.jpg,1,1,2,45.4,230.0
data\images\BLF2024\BLF2024_1.jpg,0,0,2,47.0,230.0
data\images\BLF2320\BLF2320_2.jpg,0,0,2,46.0,215.0
data\images\BLF2188\BLF2188_3.jpg,0,0,2,49.0,261.0
data\images\BLF2551\BLF2551_0.jpg,0,0,1,49.6,424.0
data\images\BLF2025\BLF2025_3.jpg,0,0,2,46.0,205.0
data\images\BLF2511\BLF2511_0.jpg,0,0,6,45.6,280.0
data\images\BLF2123\BLF2123_1.jpg,1,1,7,51.6,300.0
data\images\BLF2674\BLF2674_2.jpg,1,1,2,42.0,195.0
data\images\BLF2229\BLF2229_1.jpg,1,1,2,48.0,246.0
data\images\BLF2195\BLF2195_3.jpg,0,0,2,44.0,216.0
data\images\BLF2618\BLF2618_0.jpg,0,0,2,49.0,254.0
data\images\BLF2283\BLF2283_1.jpg,0,0,2,46.0,220.0
data\images\BLF2332\BLF2332_3.jpg,0,0,2,39.0,150.0
data\images\BLF2289\BLF2289_3.jpg,1,1,5,44.0,180.0
data\images\BLF2203\BLF2203_3.jpg,1,1,2,42.9,196.0
data\images\BLF2017\BLF2017_0.jpg,0,0,2,46.0,210.0
data\images\BLF2247\BLF2247_1.jpg,0,0,2,43.4,200.0
data\images\BLF2310\BLF2310_1.jpg,0,0,2,46.8,224.0
data\images\BLF2298\BLF2298_2.jpg,0,0,2,43.7,218.0
data\images\BLF2327\BLF2327_3.jpg,0,0,2,47.0,224.0
data\images\BLF2119\BLF2119_1.jpg,0,0,7,45.7,235.0
data\images\BLF2601\BLF2601_2.jpg,0,0,6,46.6,273.0
data\images\BLF2125\BLF2125_2.jpg,0,0,2,49.0,260.0
data\images\BLF2175\BLF2175_1.jpg,0,0,6,43.0,208.0
data\images\BLF2208\BLF2208_2.jpg,1,1,2,47.2,222.0
data\images\BLF2676\BLF2676_3.jpg,1,1,1,53.0,415.0
data\images\BLF2191\BLF2191_3.jpg,0,0,2,43.0,220.0
data\images\BLF2327\BLF2327_2.jpg,0,0,2,47.0,224.0
data\images\BLF2224\BLF2224_0.jpg,1,1,2,48.0,194.0
data\images\BLF2076\BLF2076_3.jpg,0,0,2,48.4,272.0
data\images\BLF2632\BLF2632_1.jpg,0,0,2,44.0,226.0
data\images\BLF2100\BLF2100_1.jpg,0,0,2,43.0,208.0
data\images\BLF2626\BLF2626_1.jpg,0,0,2,39.1,197.0
data\images\BLF2545\BLF2545_2.jpg,0,0,2,56.1,497.0
data\images\BLF2076\BLF2076_1.jpg,0,0,2,48.4,272.0
data\images\BLF2055\BLF2055_2.jpg,1,1,6,47.0,240.0
data\images\BLF2601\BLF2601_3.jpg,0,0,6,46.6,273.0
data\images\BLF2545\BLF2545_1.jpg,0,0,2,56.1,497.0
data\images\BLF2558\BLF2558_1.jpg,0,0,6,51.1,272.0
data\images\BLF2214\BLF2214_2.jpg,0,0,2,46.0,252.0
data\images\BLF2206\BLF2206_1.jpg,1,1,2,52.8,299.0
data\images\BLF2036\BLF2036_0.jpg,1,1,6,46.0,230.0
data\images\BLF2162\BLF2162_2.jpg,1,1,7,46.3,245.0
data\images\BLF2185\BLF2185_0.jpg,0,0,7,47.0,279.0
data\images\BLF2314\BLF2314_2.jpg,0,0,2,46.3,260.0
data\images\BLF2294\BLF2294_2.jpg,0,0,2,41.5,154.0
data\images\BLF2217\BLF2217_1.jpg,0,0,2,46.0,230.0
data\images\BLF2142\BLF2142_3.jpg,0,0,2,42.2,211.0
data\images\BLF2138\BLF2138_1.jpg,0,0,2,48.5,213.0
data\images\BLF2180\BLF2180_3.jpg,0,0,2,47.0,260.0
data\images\BLF2505\BLF2505_1.jpg,0,0,6,51.9,375.0
data\images\BLF2511\BLF2511_1.jpg,0,0,6,45.6,280.0
data\images\BLF2297\BLF2297_0.jpg,1,1,2,45.1,247.0
data\images\BLF2328\BLF2328_1.jpg,0,0,2,48.4,251.0
data\images\BLF2249\BLF2249_0.jpg,1,1,2,45.5,211.0
data\images\BLF2070\BLF2070_2.jpg,1,1,6,46.0,236.0
data\images\BLF2577\BLF2577_2.jpg,0,0,7,46.0,283.0
data\images\BLF2673\BLF2673_3.jpg,0,0,2,45.7,266.0
data\images\BLF2156\BLF2156_0.jpg,0,0,2,45.8,219.0
data\images\BLF2148\BLF2148_2.jpg,1,1,2,48.0,283.0
data\images\BLF2619\BLF2619_3.jpg,1,1,2,44.7,203.0
data\images\BLF2541\BLF2541_1.jpg,0,0,1,50.8,466.0
data\images\BLF2585\BLF2585_3.jpg,0,0,2,46.9,234.0
data\images\BLF2573\BLF2573_0.jpg,1,1,2,43.0,250.0
data\images\BLF2266\BLF2266_0.jpg,0,0,2,47.6,257.0
data\images\BLF2314\BLF2314_1.jpg,0,0,2,46.3,260.0
data\images\BLF2539\BLF2539_2.jpg,0,0,1,52.5,414.0
data\images\BLF2235\BLF2235_0.jpg,1,1,2,46.9,229.0
data\images\BLF2187\BLF2187_3.jpg,0,0,5,44.0,254.0
data\images\BLF2307\BLF2307_3.jpg,1,1,7,48.4,264.0
data\images\BLF2233\BLF2233_0.jpg,1,1,2,45.0,205.0
data\images\BLF2151\BLF2151_1.jpg,0,0,2,45.4,205.0
data\images\BLF2573\BLF2573_2.jpg,1,1,2,43.0,250.0
data\images\BLF2240\BLF2240_1.jpg,1,1,2,46.8,217.0
data\images\BLF2531\BLF2531_0.jpg,0,0,7,49.0,380.0
data\images\BLF2578\BLF2578_2.jpg,0,0,2,42.3,220.0
data\images\BLF2122\BLF2122_1.jpg,0,0,6,45.4,247.0
data\images\BLF2623\BLF2623_0.jpg,0,0,2,49.6,316.0
data\images\BLF2068\BLF2068_1.jpg,0,0,2,43.0,200.0
data\images\BLF2640\BLF2640_1.jpg,1,1,6,49.6,300.0
data\images\BLF2088\BLF2088_2.jpg,0,0,2,48.0,271.0
data\images\BLF2542\BLF2542_1.jpg,0,0,1,51.0,421.0
data\images\BLF2058\BLF2058_0.jpg,0,0,2,46.8,220.0
data\images\BLF2136\BLF2136_3.jpg,0,0,1,46.0,257.0
data\images\BLF2645\BLF2645_2.jpg,1,1,2,46.8,244.0
data\images\BLF2233\BLF2233_1.jpg,1,1,2,45.0,205.0
data\images\BLF2051\BLF2051_0.jpg,0,0,2,47.1,275.0
data\images\BLF2521\BLF2521_3.jpg,0,0,2,53.0,407.0
data\images\BLF2566\BLF2566_1.jpg,0,0,2,43.1,188.0
data\images\BLF2013\BLF2013_2.jpg,0,0,2,48.0,255.0
data\images\BLF2156\BLF2156_3.jpg,0,0,2,45.8,219.0
data\images\BLF2572\BLF2572_1.jpg,1,1,2,46.8,254.0
data\images\BLF2643\BLF2643_2.jpg,0,0,6,44.0,259.0
data\images\BLF2570\BLF2570_2.jpg,0,0,2,49.6,258.0
data\images\BLF2089\BLF2089_3.jpg,0,0,2,47.0,275.0
data\images\BLF2125\BLF2125_1.jpg,0,0,2,49.0,260.0
data\images\BLF2540\BLF2540_2.jpg,0,0,1,52.0,440.0
data\images\BLF2645\BLF2645_0.jpg,1,1,2,46.8,244.0
data\images\BLF2577\BLF2577_1.jpg,0,0,7,46.0,283.0
data\images\BLF2310\BLF2310_3.jpg,0,0,2,46.8,224.0
data\images\BLF2218\BLF2218_3.jpg,1,1,2,47.5,219.0
data\images\BLF2255\BLF2255_3.jpg,1,1,2,49.5,261.0
data\images\BLF2528\BLF2528_0.jpg,0,0,7,54.9,477.0
data\images\BLF2028\BLF2028_2.jpg,1,1,2,49.0,245.0
data\images\BLF2319\BLF2319_0.jpg,1,1,2,43.6,227.0
data\images\BLF2207\BLF2207_2.jpg,1,1,2,51.5,261.0
data\images\BLF2129\BLF2129_2.jpg,1,1,2,50.9,275.0
data\images\BLF2127\BLF2127_1.jpg,0,0,2,44.3,201.0
data\images\BLF2019\BLF2019_1.jpg,0,0,2,44.6,250.0
data\images\BLF2216\BLF2216_1.jpg,1,1,2,47.0,232.0
data\images\BLF2260\BLF2260_3.jpg,0,0,2,44.5,206.0
data\images\BLF2094\BLF2094_0.jpg,0,0,2,48.0,221.0
data\images\BLF2263\BLF2263_1.jpg,1,1,4,43.5,225.0
data\images\BLF2607\BLF2607_1.jpg,0,0,1,49.6,348.0
data\images\BLF2020\BLF2020_0.jpg,0,0,2,45.2,226.0
data\images\BLF2627\BLF2627_0.jpg,0,0,7,43.0,210.0
data\images\BLF2251\BLF2251_2.jpg,0,0,5,47.0,256.0
data\images\BLF2081\BLF2081_1.jpg,1,1,7,46.9,280.0
data\images\BLF 2342\BLF 2342_2.jpg,0,0,2,52.0,256.0
data\images\BLF2551\BLF2551_3.jpg,0,0,1,49.6,424.0
data\images\BLF2615\BLF2615_2.jpg,0,0,3,44.0,183.0
data\images\BLF2580\BLF2580_1.jpg,0,0,2,45.6,243.0
data\images\BLF2628\BLF2628_2.jpg,0,0,2,38.0,204.0
data\images\BLF2111\BLF2111_3.jpg,0,0,2,44.0,291.0
data\images\BLF2121\BLF2121_2.jpg,0,0,2,44.8,236.0
data\images\BLF2546\BLF2546_1.jpg,0,0,1,51.0,419.0
data\images\BLF2070\BLF2070_3.jpg,1,1,6,46.0,236.0
data\images\BLF2236\BLF2236_2.jpg,1,1,2,45.0,199.0
data\images\BLF2675\BLF2675_3.jpg,2,2,2,58.2,510.0
data\images\BLF2517\BLF2517_0.jpg,0,0,2,45.6,247.0
data\images\BLF2624\BLF2624_2.jpg,0,0,2,39.0,208.0
data\images\BLF2529\BLF2529_2.jpg,0,0,2,43.1,293.0
data\images\BLF2509\BLF2509_3.jpg,0,0,2,51.0,322.0
data\images\BLF2602\BLF2602_2.jpg,0,0,6,49.6,315.0
data\images\BLF2207\BLF2207_0.jpg,1,1,2,51.5,261.0
data\images\BLF2250\BLF2250_1.jpg,1,1,2,43.0,210.0
data\images\BLF2636\BLF2636_2.jpg,0,0,2,45.0,213.0
data\images\BLF2278\BLF2278_1.jpg,1,1,6,44.2,212.0
data\images\BLF2589\BLF2589_1.jpg,0,0,6,43.0,223.0
data\images\BLF2080\BLF2080_3.jpg,0,0,2,44.0,239.0
data\images\BLF2109\BLF2109_2.jpg,1,1,6,47.0,205.0
data\images\BLF2200\BLF2200_3.jpg,0,0,2,49.4,217.0
data\images\BLF2301\BLF2301_3.jpg,1,1,2,48.3,218.0
data\images\BLF2240\BLF2240_0.jpg,1,1,2,46.8,217.0
data\images\BLF2593\BLF2593_1.jpg,0,0,2,43.0,210.0
data\images\BLF2043\BLF2043_1.jpg,0,0,6,47.5,282.0
data\images\BLF2205\BLF2205_0.jpg,1,1,2,46.0,227.0
data\images\BLF2510\BLF2510_3.jpg,0,0,6,45.6,243.0
data\images\BLF2020\BLF2020_2.jpg,0,0,2,45.2,226.0
data\images\BLF2527\BLF2527_2.jpg,0,0,7,52.0,546.0
data\images\BLF2653\BLF2653_3.jpg,0,0,7,50.7,307.0
data\images\BLF2113\BLF2113_1.jpg,0,0,2,45.6,230.0
data\images\BLF2635\BLF2635_2.jpg,0,0,2,49.0,257.0
data\images\BLF2012\BLF2012_2.jpg,1,1,2,47.0,245.0
data\images\BLF2551\BLF2551_2.jpg,0,0,1,49.6,424.0
data\images\BLF2159\BLF2159_3.jpg,0,0,2,44.4,225.0
data\images\BLF2168\BLF2168_1.jpg,0,0,2,46.0,202.0
data\images\BLF2054\BLF2054_1.jpg,0,0,7,47.2,273.0
data\images\BLF2027\BLF2027_1.jpg,0,0,2,48.7,265.0
data\images\BLF2271\BLF2271_3.jpg,0,0,2,43.1,225.0
data\images\BLF2313\BLF2313_3.jpg,0,0,2,43.5,202.0
data\images\BLF2318\BLF2318_2.jpg,0,0,2,42.3,161.0
data\images\BLF2042\BLF2042_2.jpg,0,0,7,53.6,345.0
data\images\BLF2212\BLF2212_3.jpg,1,1,2,43.1,210.0
data\images\BLF2146\BLF2146_1.jpg,0,0,7,50.0,289.0
data\images\BLF2566\BLF2566_0.jpg,0,0,2,43.1,188.0
data\images\BLF2003\BLF2003_2.jpg,0,0,2,44.0,212.0
data\images\BLF2104\BLF2104_3.jpg,1,1,2,42.4,181.0
data\images\BLF2556\BLF2556_2.jpg,0,0,2,51.0,381.0
data\images\BLF2070\BLF2070_1.jpg,1,1,6,46.0,236.0
data\images\BLF2572\BLF2572_0.jpg,1,1,2,46.8,254.0
data\images\BLF2106\BLF2106_0.jpg,0,0,2,48.0,277.0
data\images\BLF2553\BLF2553_2.jpg,0,0,1,53.0,376.0
data\images\BLF2194\BLF2194_1.jpg,0,0,2,42.2,196.0
data\images\BLF2166\BLF2166_1.jpg,0,0,2,44.0,282.0
data\images\BLF2006\BLF2006_3.jpg,0,0,6,48.0,258.0
data\images\BLF2244\BLF2244_2.jpg,0,0,7,47.0,226.0
data\images\BLF2179\BLF2179_2.jpg,0,0,2,48.0,283.0
data\images\BLF2599\BLF2599_0.jpg,0,0,5,49.6,280.0
data\images\BLF2052\BLF2052_2.jpg,1,1,2,44.0,216.0
data\images\BLF2211\BLF2211_1.jpg,1,1,2,42.0,189.0
data\images\BLF2533\BLF2533_1.jpg,0,1,1,52.0,434.0
data\images\BLF2080\BLF2080_2.jpg,0,0,2,44.0,239.0
data\images\BLF2139\BLF2139_0.jpg,0,0,2,47.0,234.0
data\images\BLF2589\BLF2589_0.jpg,0,0,6,43.0,223.0
data\images\BLF2174\BLF2174_0.jpg,0,0,2,45.0,232.0
data\images\BLF2194\BLF2194_0.jpg,0,0,2,42.2,196.0
data\images\BLF2304\BLF2304_0.jpg,0,0,7,49.8,230.0
data\images\BLF2084\BLF2084_1.jpg,1,1,2,47.3,217.0
data\images\BLF2156\BLF2156_1.jpg,0,0,2,45.8,219.0
data\images\BLF2035\BLF2035_3.jpg,0,0,6,47.0,242.0
data\images\BLF2306\BLF2306_0.jpg,0,0,6,47.8,285.0
data\images\BLF2089\BLF2089_0.jpg,0,0,2,47.0,275.0
data\images\BLF2019\BLF2019_3.jpg,0,0,2,44.6,250.0
data\images\BLF2011\BLF2011_0.jpg,1,1,2,45.8,245.0
data\images\BLF2116\BLF2116_0.jpg,0,0,6,46.0,263.0
data\images\BLF2037\BLF2037_3.jpg,1,1,2,45.6,200.0
data\images\BLF2221\BLF2221_1.jpg,1,1,2,47.0,239.0
data\images\BLF2627\BLF2627_3.jpg,0,0,7,43.0,210.0
data\images\BLF2306\BLF2306_3.jpg,0,0,6,47.8,285.0
data\images\BLF2607\BLF2607_0.jpg,0,0,1,49.6,348.0
data\images\BLF2307\BLF2307_1.jpg,1,1,7,48.4,264.0
data\images\BLF2584\BLF2584_0.jpg,0,0,2,46.0,245.0
data\images\BLF2124\BLF2124_0.jpg,1,1,7,49.0,283.0
data\images\BLF2618\BLF2618_3.jpg,0,0,2,49.0,254.0
data\images\BLF2043\BLF2043_3.jpg,0,0,6,47.5,282.0
data\images\BLF2267\BLF2267_3.jpg,1,1,2,48.5,222.0
data\images\BLF2616\BLF2616_2.jpg,0,0,2,47.1,246.0
data\images\BLF2203\BLF2203_1.jpg,1,1,2,42.9,196.0
data\images\BLF2228\BLF2228_0.jpg,1,1,2,45.5,207.0
data\images\BLF2295\BLF2295_3.jpg,0,0,5,44.0,199.0
data\images\BLF2608\BLF2608_3.jpg,0,0,5,51.1,282.0
data\images\BLF2131\BLF2131_0.jpg,0,0,2,46.0,212.0
data\images\BLF2085\BLF2085_2.jpg,0,0,2,44.0,195.0
data\images\BLF2522\BLF2522_0.jpg,0,0,6,56.4,487.0
data\images\BLF2669\BLF2669_2.jpg,1,1,2,46.0,235.0
data\images\BLF2285\BLF2285_2.jpg,0,0,2,43.0,224.0
data\images\BLF2672\BLF2672_2.jpg,0,0,2,45.6,232.0
data\images\BLF2259\BLF2259_3.jpg,0,0,2,47.8,251.0
data\images\BLF2149\BLF2149_1.jpg,0,0,1,48.0,244.0
data\images\BLF2343\BLF2343_2.jpg,0,0,2,44.3,222.0
data\images\BLF2059\BLF2059_3.jpg,0,0,2,42.9,213.0
data\images\BLF2231\BLF2231_2.jpg,1,1,2,45.4,261.0
data\images\BLF2199\BLF2199_2.jpg,1,1,2,45.7,229.0
data\images\BLF2305\BLF2305_2.jpg,0,0,2,46.9,221.0
data\images\BLF2673\BLF2673_1.jpg,0,0,2,45.7,266.0
data\images\BLF2077\BLF2077_0.jpg,0,0,6,50.9,279.0
data\images\BLF2107\BLF2107_3.jpg,1,1,6,46.9,271.0
data\images\BLF2653\BLF2653_2.jpg,0,0,7,50.7,307.0
data\images\BLF2242\BLF2242_2.jpg,0,0,2,45.0,224.0
data\images\BLF2076\BLF2076_0.jpg,0,0,2,48.4,272.0
data\images\BLF2106\BLF2106_2.jpg,0,0,2,48.0,277.0
data\images\BLF2164\BLF2164_0.jpg,0,0,2,48.0,239.0
data\images\BLF2091\BLF2091_2.jpg,0,0,6,49.8,273.0
data\images\BLF2140\BLF2140_2.jpg,0,0,6,49.0,244.0
data\images\BLF2254\BLF2254_3.jpg,1,1,2,45.3,222.0
data\images\BLF2044\BLF2044_1.jpg,0,0,2,47.1,255.0
data\images\BLF2225\BLF2225_2.jpg,0,0,5,46.9,244.0
data\images\BLF2154\BLF2154_1.jpg,0,0,2,45.0,220.0
data\images\BLF2610\BLF2610_0.jpg,0,0,2,48.4,302.0
data\images\BLF2304\BLF2304_3.jpg,0,0,7,49.8,230.0
data\images\BLF2653\BLF2653_1.jpg,0,0,7,50.7,307.0
data\images\BLF2202\BLF2202_1.jpg,1,1,2,45.0,209.0
data\images\BLF2530\BLF2530_3.jpg,0,0,2,51.0,389.0
data\images\BLF2638\BLF2638_2.jpg,0,0,2,46.8,210.0
data\images\BLF2239\BLF2239_2.jpg,1,1,2,49.0,245.0
data\images\BLF2274\BLF2274_2.jpg,1,1,2,45.6,235.0
data\images\BLF2073\BLF2073_0.jpg,0,0,2,49.0,300.0
data\images\BLF2234\BLF2234_1.jpg,1,1,2,44.0,197.0
data\images\BLF2114\BLF2114_1.jpg,0,0,2,45.0,246.0
data\images\BLF2335\BLF2335_0.jpg,0,0,2,45.0,155.0
data\images\BLF2609\BLF2609_3.jpg,0,0,2,50.8,286.0
data\images\BLF2093\BLF2093_1.jpg,1,1,2,46.8,222.0
data\images\BLF2198\BLF2198_2.jpg,0,0,5,48.0,266.0
data\images\BLF2282\BLF2282_1.jpg,0,0,2,46.8,251.0
data\images\BLF2025\BLF2025_1.jpg,0,0,2,46.0,205.0
data\images\BLF2030\BLF2030_2.jpg,1,1,5,47.2,205.0
data\images\BLF2253\BLF2253_2.jpg,0,0,5,50.5,268.0
data\images\BLF2289\BLF2289_1.jpg,1,1,5,44.0,180.0
data\images\BLF2588\BLF2588_0.jpg,0,0,2,42.9,233.0
data\images\BLF2087\BLF2087_3.jpg,0,0,2,49.2,287.0
data\images\BLF2580\BLF2580_2.jpg,0,0,2,45.6,243.0
data\images\BLF2169\BLF2169_2.jpg,0,0,2,44.9,200.0
data\images\BLF2313\BLF2313_2.jpg,0,0,2,43.5,202.0
data\images\BLF2629\BLF2629_1.jpg,0,0,6,50.0,294.0
data\images\BLF2535\BLF2535_0.jpg,0,0,1,51.1,390.0
data\images\BLF2051\BLF2051_1.jpg,0,0,2,47.1,275.0
data\images\BLF2229\BLF2229_3.jpg,1,1,2,48.0,246.0
data\images\BLF2034\BLF2034_0.jpg,0,0,2,43.5,210.0
data\images\BLF2534\BLF2534_3.jpg,0,0,1,50.9,390.0
data\images\BLF2549\BLF2549_0.jpg,0,0,1,50.8,459.0
data\images\BLF2321\BLF2321_2.jpg,0,0,2,45.7,179.0
data\images\BLF2569\BLF2569_3.jpg,1,1,2,47.0,276.0
data\images\BLF2550\BLF2550_2.jpg,0,0,1,51.1,440.0
data\images\BLF2220\BLF2220_3.jpg,2,2,2,45.0,216.0
data\images\BLF2231\BLF2231_3.jpg,1,1,2,45.4,261.0
data\images\BLF2176\BLF2176_3.jpg,0,0,2,46.5,229.0
data\images\BLF2323\BLF2323_3.jpg,0,0,2,43.0,252.0
data\images\BLF2225\BLF2225_0.jpg,0,0,5,46.9,244.0
data\images\BLF2222\BLF2222_0.jpg,0,0,2,46.0,232.0
data\images\BLF2308\BLF2308_3.jpg,0,0,2,44.2,204.0
data\images\BLF2001\BLF2001_2.jpg,0,0,2,48.5,279.0
data\images\BLF2600\BLF2600_3.jpg,1,1,6,44.3,257.0
data\images\BLF2590\BLF2590_0.jpg,0,0,7,45.5,270.0
data\images\BLF2069\BLF2069_2.jpg,0,0,1,42.0,202.0
data\images\BLF2201\BLF2201_2.jpg,0,0,2,49.8,257.0
data\images\BLF2279\BLF2279_1.jpg,0,0,2,44.3,231.0
data\images\BLF2071\BLF2071_3.jpg,1,1,2,47.0,250.0
data\images\BLF2187\BLF2187_2.jpg,0,0,5,44.0,254.0
data\images\BLF2155\BLF2155_2.jpg,0,0,2,41.5,199.0
data\images\BLF2245\BLF2245_1.jpg,0,0,7,46.8,258.0
data\images\BLF2251\BLF2251_1.jpg,0,0,5,47.0,256.0
data\images\BLF2031\BLF2031_1.jpg,0,0,2,46.0,230.0
data\images\BLF2300\BLF2300_2.jpg,0,0,2,44.5,197.0
data\images\BLF2209\BLF2209_3.jpg,1,1,2,50.7,262.0
data\images\BLF2079\BLF2079_3.jpg,1,1,7,48.3,262.0
data\images\BLF2542\BLF2542_2.jpg,0,0,1,51.0,421.0
data\images\BLF2219\BLF2219_1.jpg,0,0,2,44.3,229.0
data\images\BLF2250\BLF2250_2.jpg,1,1,2,43.0,210.0
data\images\BLF2644\BLF2644_3.jpg,0,0,6,46.9,257.0
data\images\BLF2225\BLF2225_1.jpg,0,0,5,46.9,244.0
data\images\BLF2625\BLF2625_1.jpg,0,0,2,41.5,205.0
data\images\BLF2172\BLF2172_3.jpg,0,0,2,46.5,200.0
data\images\BLF2052\BLF2052_3.jpg,1,1,2,44.0,216.0
data\images\BLF2570\BLF2570_3.jpg,0,0,2,49.6,258.0
data\images\BLF2536\BLF2536_3.jpg,0,0,1,48.3,511.0
data\images\BLF2652\BLF2652_1.jpg,0,0,2,45.0,223.0
data\images\BLF2038\BLF2038_2.jpg,0,0,2,47.1,235.0
data\images\BLF2270\BLF2270_3.jpg,0,0,2,44.8,222.0
data\images\BLF2259\BLF2259_0.jpg,0,0,2,47.8,251.0
data\images\BLF2232\BLF2232_0.jpg,1,1,2,42.2,214.0
data\images\BLF2209\BLF2209_1.jpg,1,1,2,50.7,262.0
data\images\BLF2157\BLF2157_2.jpg,0,0,2,43.5,205.0
data\images\BLF2128\BLF2128_0.jpg,0,0,2,49.4,260.0
data\images\BLF2532\BLF2532_2.jpg,1,1,6,50.2,365.0
data\images\BLF2556\BLF2556_1.jpg,0,0,2,51.0,381.0
data\images\BLF2148\BLF2148_1.jpg,1,1,2,48.0,283.0
data\images\BLF2047\BLF2047_3.jpg,0,0,7,50.0,315.0
data\images\BLF2674\BLF2674_1.jpg,1,1,2,42.0,195.0
data\images\BLF2226\BLF2226_1.jpg,0,0,2,49.6,261.0
data\images\BLF2101\BLF2101_2.jpg,0,0,2,44.5,238.0
data\images\BLF2023\BLF2023_0.jpg,0,0,2,46.6,225.0
data\images\BLF2109\BLF2109_0.jpg,1,1,6,47.0,205.0
data\images\BLF2246\BLF2246_0.jpg,0,0,2,45.0,228.0
data\images\BLF2038\BLF2038_0.jpg,0,0,2,47.1,235.0
data\images\BLF2103\BLF2103_3.jpg,0,0,2,43.1,195.0
data\images\BLF2629\BLF2629_0.jpg,0,0,6,50.0,294.0
data\images\BLF2118\BLF2118_1.jpg,0,0,6,49.6,300.0
data\images\BLF2642\BLF2642_2.jpg,1,1,6,48.0,297.0
data\images\BLF2166\BLF2166_0.jpg,0,0,2,44.0,282.0
data\images\BLF2265\BLF2265_3.jpg,0,0,2,49.0,226.0
data\images\BLF2646\BLF2646_3.jpg,0,0,2,46.0,230.0
data\images\BLF2333\BLF2333_1.jpg,0,0,2,46.9,207.0
data\images\BLF2110\BLF2110_3.jpg,1,1,4,55.5,315.0
data\images\BLF2137\BLF2137_1.jpg,1,1,2,48.0,239.0
data\images\BLF2043\BLF2043_2.jpg,0,0,6,47.5,282.0
data\images\BLF2096\BLF2096_2.jpg,0,0,2,43.1,190.0
data\images\BLF2143\BLF2143_2.jpg,0,0,5,40.6,170.0
data\images\BLF2259\BLF2259_1.jpg,0,0,2,47.8,251.0
data\images\BLF2638\BLF2638_0.jpg,0,0,2,46.8,210.0
data\images\BLF2329\BLF2329_0.jpg,0,0,2,44.3,198.0
data\images\BLF2587\BLF2587_2.jpg,0,0,2,41.5,226.0
data\images\BLF2233\BLF2233_2.jpg,1,1,2,45.0,205.0
data\images\BLF2204\BLF2204_0.jpg,1,1,2,43.1,201.0
data\images\BLF2634\BLF2634_2.jpg,0,0,2,45.0,207.0
data\images\BLF2282\BLF2282_2.jpg,0,0,2,46.8,251.0
data\images\BLF2551\BLF2551_1.jpg,0,0,1,49.6,424.0
data\images\BLF2165\BLF2165_0.jpg,0,0,6,48.0,250.0
data\images\BLF2034\BLF2034_2.jpg,0,0,2,43.5,210.0
data\images\BLF2555\BLF2555_1.jpg,1,1,2,41.6,226.0
data\images\BLF2532\BLF2532_3.jpg,1,1,6,50.2,365.0
data\images\BLF2215\BLF2215_0.jpg,0,0,2,50.4,275.0
data\images\BLF2104\BLF2104_1.jpg,1,1,2,42.4,181.0
data\images\BLF2158\BLF2158_0.jpg,0,0,2,43.0,172.0
data\images\BLF2527\BLF2527_0.jpg,0,0,7,52.0,546.0
data\images\BLF2198\BLF2198_3.jpg,0,0,5,48.0,266.0
data\images\BLF2669\BLF2669_3.jpg,1,1,2,46.0,235.0
data\images\BLF2152\BLF2152_3.jpg,1,1,2,44.0,220.0
data\images\BLF2072\BLF2072_2.jpg,0,0,6,48.3,281.0
data\images\BLF2239\BLF2239_3.jpg,1,1,2,49.0,245.0
data\images\BLF2649\BLF2649_3.jpg,0,0,2,46.9,223.0
data\images\BLF2654\BLF2654_2.jpg,1,1,2,48.3,255.0
data\images\BLF2021\BLF2021_0.jpg,1,1,2,46.0,211.0
data\images\BLF2009\BLF2009_1.jpg,0,0,2,45.0,226.0
data\images\BLF2628\BLF2628_3.jpg,0,0,2,38.0,204.0
data\images\BLF2662\BLF2662_3.jpg,0,0,2,45.0,238.0
data\images\BLF2031\BLF2031_3.jpg,0,0,2,46.0,230.0
data\images\BLF2258\BLF2258_0.jpg,0,0,7,46.3,242.0
data\images\BLF2101\BLF2101_1.jpg,0,0,2,44.5,238.0
data\images\BLF2520\BLF2520_3.jpg,0,0,1,47.0,378.0
data\images\BLF2642\BLF2642_1.jpg,1,1,6,48.0,297.0
data\images\BLF2510\BLF2510_2.jpg,0,0,6,45.6,243.0
data\images\BLF2604\BLF2604_0.jpg,0,0,2,42.0,186.0
data\images\BLF2040\BLF2040_0.jpg,0,0,2,43.7,200.0
data\images\BLF2180\BLF2180_0.jpg,0,0,2,47.0,260.0
data\images\BLF2071\BLF2071_2.jpg,1,1,2,47.0,250.0
data\images\BLF2292\BLF2292_1.jpg,0,0,2,41.4,162.0
data\images\BLF2560\BLF2560_0.jpg,0,0,7,56.8,423.0
data\images\BLF2653\BLF2653_0.jpg,0,0,7,50.7,307.0
data\images\BLF2570\BLF2570_1.jpg,0,0,2,49.6,258.0
data\images\BLF2571\BLF2571_2.jpg,0,0,6,52.3,382.0
data\images\BLF2193\BLF2193_2.jpg,0,0,2,47.2,252.0
data\images\BLF2208\BLF2208_3.jpg,1,1,2,47.2,222.0
data\images\BLF2086\BLF2086_0.jpg,0,0,2,45.5,223.0
data\images\BLF2665\BLF2665_2.jpg,0,0,2,46.5,226.0
data\images\BLF2141\BLF2141_3.jpg,1,1,2,49.0,277.0
data\images\BLF2228\BLF2228_1.jpg,1,1,2,45.5,207.0
data\images\BLF2519\BLF2519_2.jpg,0,0,1,57.0,545.0
data\images\BLF2650\BLF2650_2.jpg,0,0,2,46.8,207.0
data\images\BLF2664\BLF2664_3.jpg,0,0,1,48.5,276.0
data\images\BLF2576\BLF2576_2.jpg,0,0,2,45.0,230.0
data\images\BLF2503\BLF2503_3.jpg,1,1,0,52.1,606.0
data\images\BLF2639\BLF2639_2.jpg,0,0,7,51.0,288.0
data\images\BLF2033\BLF2033_0.jpg,0,0,2,41.0,160.0
data\images\BLF2113\BLF2113_2.jpg,0,0,2,45.6,230.0
data\images\BLF2092\BLF2092_3.jpg,2,2,2,49.3,252.0
data\images\BLF2510\BLF2510_0.jpg,0,0,6,45.6,243.0
data\images\BLF2082\BLF2082_1.jpg,1,1,6,47.0,272.0
data\images\BLF2343\BLF2343_0.jpg,0,0,2,44.3,222.0
data\images\BLF2296\BLF2296_2.jpg,0,0,7,47.0,211.0
data\images\BLF2660\BLF2660_0.jpg,1,1,2,44.0,215.0
data\images\BLF2617\BLF2617_3.jpg,0,0,7,51.0,300.0
data\images\BLF2586\BLF2586_1.jpg,0,0,6,47.1,280.0
data\images\BLF2203\BLF2203_0.jpg,1,1,2,42.9,196.0
data\images\BLF2316\BLF2316_1.jpg,0,0,2,43.0,191.0
data\images\BLF2150\BLF2150_1.jpg,0,0,2,44.0,223.0
data\images\BLF2642\BLF2642_3.jpg,1,1,6,48.0,297.0
data\images\BLF2319\BLF2319_3.jpg,1,1,2,43.6,227.0
data\images\BLF2671\BLF2671_0.jpg,1,1,5,43.1,219.0
data\images\BLF2226\BLF2226_2.jpg,0,0,2,49.6,261.0
data\images\BLF2583\BLF2583_3.jpg,0,0,2,43.3,219.0
data\images\BLF2661\BLF2661_3.jpg,0,0,6,46.9,249.0
data\images\BLF2505\BLF2505_2.jpg,0,0,6,51.9,375.0
data\images\BLF2081\BLF2081_0.jpg,1,1,7,46.9,280.0
data\images\BLF2264\BLF2264_3.jpg,0,0,2,47.0,240.0
data\images\BLF2078\BLF2078_2.jpg,0,0,6,45.6,227.0
data\images\BLF2636\BLF2636_3.jpg,0,0,2,45.0,213.0
data\images\BLF2514\BLF2514_1.jpg,0,0,1,42.0,278.0
data\images\BLF2610\BLF2610_3.jpg,0,0,2,48.4,302.0
data\images\BLF2040\BLF2040_3.jpg,0,0,2,43.7,200.0
data\images\BLF2002\BLF2002_0.jpg,1,1,2,51.0,296.0
data\images\BLF2661\BLF2661_0.jpg,0,0,6,46.9,249.0
data\images\BLF2041\BLF2041_3.jpg,0,0,2,44.0,220.0
data\images\BLF2161\BLF2161_1.jpg,0,0,2,44.8,204.0
data\images\BLF2271\BLF2271_2.jpg,0,0,2,43.1,225.0
data\images\BLF2064\BLF2064_0.jpg,0,0,7,50.0,305.0
data\images\BLF2310\BLF2310_0.jpg,0,0,2,46.8,224.0
data\images\BLF2527\BLF2527_3.jpg,0,0,7,52.0,546.0
data\images\BLF2224\BLF2224_1.jpg,1,1,2,48.0,194.0
data\images\BLF2167\BLF2167_0.jpg,0,0,2,47.8,242.0
data\images\BLF2063\BLF2063_2.jpg,0,0,5,48.3,286.0
data\images\BLF2552\BLF2552_2.jpg,0,0,1,52.0,412.0
data\images\BLF2210\BLF2210_0.jpg,1,1,2,55.0,311.0
data\images\BLF2215\BLF2215_3.jpg,0,0,2,50.4,275.0
data\images\BLF2305\BLF2305_1.jpg,0,0,2,46.9,221.0
data\images\BLF2033\BLF2033_2.jpg,0,0,2,41.0,160.0
data\images\BLF2222\BLF2222_1.jpg,0,0,2,46.0,232.0
data\images\BLF2637\BLF2637_3.jpg,0,0,4,45.5,274.0
data\images\BLF2136\BLF2136_1.jpg,0,0,1,46.0,257.0
data\images\BLF2078\BLF2078_3.jpg,0,0,6,45.6,227.0
data\images\BLF2557\BLF2557_3.jpg,0,0,2,45.6,195.0
data\images\BLF2665\BLF2665_3.jpg,0,0,2,46.5,226.0
data\images\BLF2301\BLF2301_0.jpg,1,1,2,48.3,218.0
data\images\BLF2138\BLF2138_2.jpg,0,0,2,48.5,213.0
data\images\BLF2033\BLF2033_3.jpg,0,0,2,41.0,160.0
data\images\BLF2611\BLF2611_1.jpg,1,1,7,53.6,412.0
data\images\BLF2131\BLF2131_3.jpg,0,0,2,46.0,212.0
data\images\BLF2055\BLF2055_0.jpg,1,1,6,47.0,240.0
data\images\BLF2179\BLF2179_3.jpg,0,0,2,48.0,283.0
data\images\BLF2636\BLF2636_1.jpg,0,0,2,45.0,213.0
data\images\BLF2080\BLF2080_1.jpg,0,0,2,44.0,239.0
data\images\BLF2561\BLF2561_2.jpg,0,0,7,48.4,289.0
data\images\BLF2177\BLF2177_2.jpg,0,0,2,44.3,203.0
data\images\BLF2210\BLF2210_2.jpg,1,1,2,55.0,311.0
data\images\BLF2047\BLF2047_1.jpg,0,0,7,50.0,315.0
data\images\BLF2142\BLF2142_1.jpg,0,0,2,42.2,211.0
data\images\BLF2235\BLF2235_2.jpg,1,1,2,46.9,229.0
data\images\BLF2124\BLF2124_3.jpg,1,1,7,49.0,283.0
data\images\BLF2531\BLF2531_3.jpg,0,0,7,49.0,380.0
data\images\BLF2628\BLF2628_1.jpg,0,0,2,38.0,204.0
data\images\BLF2624\BLF2624_3.jpg,0,0,2,39.0,208.0
data\images\BLF 2340\BLF 2340_3.jpg,0,0,2,50.9,270.0
data\images\BLF2647\BLF2647_0.jpg,1,1,7,48.0,248.0
data\images\BLF2115\BLF2115_3.jpg,0,0,7,48.7,280.0
data\images\BLF 2342\BLF 2342_1.jpg,0,0,2,52.0,256.0
data\images\BLF2613\BLF2613_0.jpg,0,0,6,46.8,280.0
data\images\BLF2135\BLF2135_3.jpg,0,0,2,49.0,263.0
data\images\BLF2056\BLF2056_0.jpg,1,1,2,45.8,218.0
data\images\BLF2134\BLF2134_2.jpg,0,0,2,45.0,217.0
data\images\BLF2059\BLF2059_2.jpg,0,0,2,42.9,213.0
data\images\BLF2223\BLF2223_2.jpg,0,0,2,47.0,236.0
data\images\BLF2290\BLF2290_0.jpg,0,0,2,45.7,186.0
data\images\BLF2304\BLF2304_2.jpg,0,0,7,49.8,230.0
data\images\BLF2556\BLF2556_3.jpg,0,0,2,51.0,381.0
data\images\BLF2209\BLF2209_2.jpg,1,1,2,50.7,262.0
data\images\BLF2530\BLF2530_0.jpg,0,0,2,51.0,389.0
data\images\BLF2295\BLF2295_1.jpg,0,0,5,44.0,199.0
data\images\BLF2671\BLF2671_3.jpg,1,1,5,43.1,219.0
data\images\BLF2164\BLF2164_1.jpg,0,0,2,48.0,239.0
data\images\BLF2634\BLF2634_3.jpg,0,0,2,45.0,207.0
data\images\BLF2077\BLF2077_2.jpg,0,0,6,50.9,279.0
data\images\BLF2171\BLF2171_3.jpg,0,0,1,48.4,268.0
data\images\BLF2552\BLF2552_0.jpg,0,0,1,52.0,412.0
data\images\BLF2105\BLF2105_0.jpg,0,0,2,49.4,259.0
data\images\BLF2147\BLF2147_2.jpg,0,0,2,47.7,266.0
data\images\BLF2670\BLF2670_1.jpg,0,0,2,44.3,235.0
data\images\BLF2154\BLF2154_2.jpg,0,0,2,45.0,220.0
data\images\BLF2315\BLF2315_1.jpg,0,0,2,43.0,191.0
data\images\BLF2639\BLF2639_0.jpg,0,0,7,51.0,288.0
data\images\BLF2055\BLF2055_3.jpg,1,1,6,47.0,240.0
data\images\BLF2554\BLF2554_3.jpg,0,0,2,45.2,254.0
data\images\BLF2513\BLF2513_3.jpg,0,0,6,54.9,415.0
data\images\BLF2281\BLF2281_0.jpg,1,1,2,44.6,241.0
data\images\BLF2015\BLF2015_2.jpg,0,0,2,44.0,200.0
data\images\BLF2005\BLF2005_0.jpg,0,0,2,45.0,205.0
data\images\BLF2035\BLF2035_0.jpg,0,0,6,47.0,242.0
data\images\BLF2133\BLF2133_0.jpg,0,0,2,44.5,230.0
data\images\BLF2201\BLF2201_3.jpg,0,0,2,49.8,257.0
data\images\BLF2641\BLF2641_3.jpg,0,0,6,47.0,270.0
data\images\BLF2020\BLF2020_1.jpg,0,0,2,45.2,226.0
data\images\BLF2507\BLF2507_2.jpg,0,0,4,54.0,340.0
data\images\BLF2325\BLF2325_0.jpg,0,0,2,46.8,230.0
data\images\BLF2539\BLF2539_0.jpg,0,0,1,52.5,414.0
data\images\BLF2629\BLF2629_2.jpg,0,0,6,50.0,294.0
data\images\BLF2632\BLF2632_3.jpg,0,0,2,44.0,226.0
data\images\BLF2621\BLF2621_0.jpg,1,1,2,49.6,240.0
data\images\BLF2292\BLF2292_3.jpg,0,0,2,41.4,162.0
data\images\BLF2089\BLF2089_2.jpg,0,0,2,47.0,275.0
data\images\BLF2579\BLF2579_1.jpg,0,0,2,42.8,202.0
data\images\BLF2592\BLF2592_0.jpg,0,0,6,46.0,235.0
data\images\BLF2255\BLF2255_2.jpg,1,1,2,49.5,261.0
data\images\BLF2256\BLF2256_2.jpg,0,0,2,45.0,229.0
data\images\BLF2609\BLF2609_2.jpg,0,0,2,50.8,286.0
data\images\BLF2513\BLF2513_1.jpg,0,0,6,54.9,415.0
data\images\BLF2532\BLF2532_1.jpg,1,1,6,50.2,365.0
data\images\BLF2165\BLF2165_1.jpg,0,0,6,48.0,250.0
data\images\BLF2090\BLF2090_0.jpg,0,0,6,49.0,263.0
data\images\BLF2018\BLF2018_1.jpg,0,0,2,45.0,200.0
data\images\BLF2005\BLF2005_3.jpg,0,0,2,45.0,205.0
data\images\BLF2534\BLF2534_2.jpg,0,0,1,50.9,390.0
data\images\BLF2130\BLF2130_1.jpg,1,1,2,48.0,285.0
data\images\BLF2637\BLF2637_0.jpg,0,0,4,45.5,274.0
data\images\BLF2012\BLF2012_3.jpg,1,1,2,47.0,245.0
data\images\BLF2158\BLF2158_2.jpg,0,0,2,43.0,172.0
data\images\BLF2074\BLF2074_2.jpg,0,0,4,45.6,210.0
data\images\BLF2178\BLF2178_2.jpg,1,1,7,48.0,246.0
data\images\BLF2155\BLF2155_0.jpg,0,0,2,41.5,199.0
data\images\BLF 2342\BLF 2342_3.jpg,0,0,2,52.0,256.0
data\images\BLF2199\BLF2199_3.jpg,1,1,2,45.7,229.0
data\images\BLF2261\BLF2261_1.jpg,0,0,2,44.9,224.0
data\images\BLF2083\BLF2083_0.jpg,0,0,2,43.0,205.0
data\images\BLF2010\BLF2010_3.jpg,0,0,2,47.0,224.0
data\images\BLF2614\BLF2614_2.jpg,2,2,6,52.4,372.0
data\images\BLF2025\BLF2025_2.jpg,0,0,2,46.0,205.0
data\images\BLF2086\BLF2086_1.jpg,0,0,2,45.5,223.0
data\images\BLF2268\BLF2268_3.jpg,0,0,5,48.0,224.0
data\images\BLF2058\BLF2058_2.jpg,0,0,2,46.8,220.0
data\images\BLF2052\BLF2052_1.jpg,1,1,2,44.0,216.0
data\images\BLF2320\BLF2320_1.jpg,0,0,2,46.0,215.0
data\images\BLF2291\BLF2291_1.jpg,0,0,2,39.0,160.0
data\images\BLF2197\BLF2197_1.jpg,0,0,2,48.3,227.0
data\images\BLF2273\BLF2273_0.jpg,0,0,2,44.9,208.0
data\images\BLF2301\BLF2301_2.jpg,1,1,2,48.3,218.0
data\images\BLF2608\BLF2608_2.jpg,0,0,5,51.1,282.0
data\images\BLF2571\BLF2571_3.jpg,0,0,6,52.3,382.0
data\images\BLF2595\BLF2595_0.jpg,0,0,2,46.0,243.0
data\images\BLF2129\BLF2129_3.jpg,1,1,2,50.9,275.0
data\images\BLF2057\BLF2057_0.jpg,1,1,2,45.6,205.0
data\images\BLF2160\BLF2160_0.jpg,0,0,2,46.5,249.0
data\images\BLF2553\BLF2553_0.jpg,0,0,1,53.0,376.0
data\images\BLF2132\BLF2132_1.jpg,0,0,2,48.0,275.0
data\images\BLF2553\BLF2553_1.jpg,0,0,1,53.0,376.0
data\images\BLF2149\BLF2149_3.jpg,0,0,1,48.0,244.0
data\images\BLF2309\BLF2309_0.jpg,1,1,2,45.3,246.0
data\images\BLF2267\BLF2267_2.jpg,1,1,2,48.5,222.0
data\images\BLF2335\BLF2335_2.jpg,0,0,2,45.0,155.0
data\images\BLF2014\BLF2014_0.jpg,0,0,2,42.0,185.0
data\images\BLF2514\BLF2514_3.jpg,0,0,1,42.0,278.0
data\images\BLF2022\BLF2022_0.jpg,0,0,2,49.0,240.0
data\images\BLF2165\BLF2165_2.jpg,0,0,6,48.0,250.0
data\images\BLF2069\BLF2069_0.jpg,0,0,1,42.0,202.0
data\images\BLF2285\BLF2285_0.jpg,0,0,2,43.0,224.0
data\images\BLF2088\BLF2088_3.jpg,0,0,2,48.0,271.0
data\images\BLF2288\BLF2288_3.jpg,1,1,2,43.0,174.0
data\images\BLF2299\BLF2299_0.jpg,0,0,2,47.9,237.0
data\images\BLF2210\BLF2210_3.jpg,1,1,2,55.0,311.0
data\images\BLF2656\BLF2656_1.jpg,1,1,2,45.0,209.0
data\images\BLF2026\BLF2026_2.jpg,0,0,7,44.5,210.0
data\images\BLF2009\BLF2009_2.jpg,0,0,2,45.0,226.0
data\images\BLF2030\BLF2030_1.jpg,1,1,5,47.2,205.0
data\images\BLF2050\BLF2050_0.jpg,0,0,2,44.3,255.0
data\images\BLF2012\BLF2012_0.jpg,1,1,2,47.0,245.0
data\images\BLF2135\BLF2135_1.jpg,0,0,2,49.0,263.0
data\images\BLF2016\BLF2016_0.jpg,1,1,2,44.0,185.0
data\images\BLF2508\BLF2508_0.jpg,0,0,2,51.0,315.0
data\images\BLF2563\BLF2563_0.jpg,1,1,2,42.9,206.0
data\images\BLF2044\BLF2044_3.jpg,0,0,2,47.1,255.0
data\images\BLF2033\BLF2033_1.jpg,0,0,2,41.0,160.0
data\images\BLF2223\BLF2223_3.jpg,0,0,2,47.0,236.0
data\images\BLF2198\BLF2198_0.jpg,0,0,5,48.0,266.0
data\images\BLF2032\BLF2032_0.jpg,0,0,4,50.0,250.0
data\images\BLF2019\BLF2019_0.jpg,0,0,2,44.6,250.0
data\images\BLF2546\BLF2546_3.jpg,0,0,1,51.0,419.0
data\images\BLF2561\BLF2561_1.jpg,0,0,7,48.4,289.0
data\images\BLF2134\BLF2134_1.jpg,0,0,2,45.0,217.0
data\images\BLF2612\BLF2612_2.jpg,0,0,2,43.0,203.0
data\images\BLF2244\BLF2244_3.jpg,0,0,7,47.0,226.0
data\images\BLF2040\BLF2040_1.jpg,0,0,2,43.7,200.0
data\images\BLF2061\BLF2061_0.jpg,0,0,7,46.0,288.0
data\images\BLF2110\BLF2110_2.jpg,1,1,4,55.5,315.0
data\images\BLF2293\BLF2293_3.jpg,0,0,2,41.0,170.0
data\images\BLF2213\BLF2213_2.jpg,1,1,2,44.4,194.0
data\images\BLF2309\BLF2309_2.jpg,1,1,2,45.3,246.0
data\images\BLF2023\BLF2023_1.jpg,0,0,2,46.6,225.0
data\images\BLF2672\BLF2672_3.jpg,0,0,2,45.6,232.0
data\images\BLF2183\BLF2183_1.jpg,1,1,2,48.0,247.0
data\images\BLF2321\BLF2321_0.jpg,0,0,2,45.7,179.0
data\images\BLF2024\BLF2024_2.jpg,0,0,2,47.0,230.0
data\images\BLF2107\BLF2107_2.jpg,1,1,6,46.9,271.0
data\images\BLF2017\BLF2017_2.jpg,0,0,2,46.0,210.0
data\images\BLF2626\BLF2626_0.jpg,0,0,2,39.1,197.0
data\images\BLF2307\BLF2307_0.jpg,1,1,7,48.4,264.0
data\images\BLF2228\BLF2228_2.jpg,1,1,2,45.5,207.0
data\images\BLF2605\BLF2605_0.jpg,1,1,2,46.0,254.0
data\images\BLF2642\BLF2642_0.jpg,1,1,6,48.0,297.0
data\images\BLF2581\BLF2581_2.jpg,0,0,6,44.0,229.0
data\images\BLF2189\BLF2189_2.jpg,1,1,2,47.0,260.0
data\images\BLF2246\BLF2246_1.jpg,0,0,2,45.0,228.0
data\images\BLF2096\BLF2096_0.jpg,0,0,2,43.1,190.0
data\images\BLF2057\BLF2057_3.jpg,1,1,2,45.6,205.0
data\images\BLF2552\BLF2552_3.jpg,0,0,1,52.0,412.0
data\images\BLF2065\BLF2065_3.jpg,0,0,5,46.8,216.0
data\images\BLF2598\BLF2598_0.jpg,0,0,2,43.1,199.0
data\images\BLF2028\BLF2028_1.jpg,1,1,2,49.0,245.0
data\images\BLF2588\BLF2588_1.jpg,0,0,2,42.9,233.0
data\images\BLF2167\BLF2167_1.jpg,0,0,2,47.8,242.0
data\images\BLF2061\BLF2061_1.jpg,0,0,7,46.0,288.0
data\images\BLF2538\BLF2538_3.jpg,0,0,1,53.6,477.0
data\images\BLF2678\BLF2678_0.jpg,0,0,6,57.0,698.0
data\images\BLF2022\BLF2022_2.jpg,0,0,2,49.0,240.0
data\images\BLF2007\BLF2007_1.jpg,0,0,2,46.0,240.0
data\images\BLF2541\BLF2541_3.jpg,0,0,1,50.8,466.0
data\images\BLF2594\BLF2594_0.jpg,0,0,3,39.0,183.0
data\images\BLF2111\BLF2111_0.jpg,0,0,2,44.0,291.0
data\images\BLF2178\BLF2178_0.jpg,1,1,7,48.0,246.0
data\images\BLF2663\BLF2663_1.jpg,0,0,2,42.5,206.0
data\images\BLF2555\BLF2555_2.jpg,1,1,2,41.6,226.0
data\images\BLF 2340\BLF 2340_0.jpg,0,0,2,50.9,270.0
data\images\BLF2657\BLF2657_0.jpg,0,0,2,38.8,152.0
data\images\BLF2274\BLF2274_1.jpg,1,1,2,45.6,235.0
data\images\BLF2276\BLF2276_0.jpg,0,0,5,45.6,229.0
data\images\BLF2617\BLF2617_0.jpg,0,0,7,51.0,300.0
data\images\BLF2019\BLF2019_2.jpg,0,0,2,44.6,250.0
data\images\BLF2596\BLF2596_0.jpg,1,1,2,42.0,203.0
data\images\BLF2168\BLF2168_0.jpg,0,0,2,46.0,202.0
data\images\BLF2538\BLF2538_1.jpg,0,0,1,53.6,477.0
data\images\BLF2260\BLF2260_2.jpg,0,0,2,44.5,206.0
data\images\BLF2191\BLF2191_2.jpg,0,0,2,43.0,220.0
data\images\BLF2506\BLF2506_0.jpg,0,0,2,54.0,430.0
data\images\BLF2327\BLF2327_1.jpg,0,0,2,47.0,224.0
data\images\BLF2571\BLF2571_1.jpg,0,0,6,52.3,382.0
data\images\BLF2559\BLF2559_3.jpg,2,2,6,51.0,310.0
data\images\BLF2100\BLF2100_0.jpg,0,0,2,43.0,208.0
data\images\BLF2609\BLF2609_1.jpg,0,0,2,50.8,286.0
data\images\BLF2674\BLF2674_0.jpg,1,1,2,42.0,195.0
data\images\BLF2509\BLF2509_2.jpg,0,0,2,51.0,322.0
data\images\BLF2025\BLF2025_0.jpg,0,0,2,46.0,205.0
data\images\BLF2171\BLF2171_0.jpg,0,0,1,48.4,268.0
data\images\BLF2335\BLF2335_3.jpg,0,0,2,45.0,155.0
data\images\BLF2205\BLF2205_2.jpg,1,1,2,46.0,227.0
data\images\BLF2014\BLF2014_2.jpg,0,0,2,42.0,185.0
data\images\BLF2212\BLF2212_0.jpg,1,1,2,43.1,210.0
data\images\BLF2512\BLF2512_3.jpg,1,1,6,55.0,457.0
data\images\BLF2054\BLF2054_3.jpg,0,0,7,47.2,273.0
data\images\BLF2035\BLF2035_1.jpg,0,0,6,47.0,242.0
data\images\BLF2271\BLF2271_0.jpg,0,0,2,43.1,225.0
data\images\BLF2092\BLF2092_1.jpg,2,2,2,49.3,252.0
data\images\BLF2538\BLF2538_2.jpg,0,0,1,53.6,477.0
data\images\BLF2284\BLF2284_2.jpg,0,0,2,42.0,164.0
data\images\BLF2635\BLF2635_0.jpg,0,0,2,49.0,257.0
data\images\BLF2573\BLF2573_1.jpg,1,1,2,43.0,250.0
data\images\BLF2624\BLF2624_0.jpg,0,0,2,39.0,208.0
data\images\BLF2324\BLF2324_3.jpg,0,0,2,47.1,260.0
data\images\BLF2001\BLF2001_1.jpg,0,0,2,48.5,279.0
data\images\BLF2111\BLF2111_1.jpg,0,0,2,44.0,291.0
data\images\BLF2176\BLF2176_0.jpg,0,0,2,46.5,229.0
data\images\BLF2062\BLF2062_3.jpg,0,0,7,47.0,267.0
data\images\BLF2219\BLF2219_2.jpg,0,0,2,44.3,229.0
data\images\BLF2096\BLF2096_1.jpg,0,0,2,43.1,190.0
data\images\BLF2226\BLF2226_0.jpg,0,0,2,49.6,261.0
data\images\BLF2230\BLF2230_0.jpg,1,1,2,45.0,185.0
data\images\BLF2650\BLF2650_1.jpg,0,0,2,46.8,207.0
data\images\BLF2314\BLF2314_3.jpg,0,0,2,46.3,260.0
data\images\BLF2114\BLF2114_0.jpg,0,0,2,45.0,246.0
data\images\BLF2324\BLF2324_2.jpg,0,0,2,47.1,260.0
data\images\BLF2602\BLF2602_1.jpg,0,0,6,49.6,315.0
data\images\BLF2291\BLF2291_0.jpg,0,0,2,39.0,160.0
data\images\BLF2238\BLF2238_2.jpg,1,1,2,43.5,189.0
data\images\BLF2124\BLF2124_1.jpg,1,1,7,49.0,283.0
data\images\BLF2183\BLF2183_3.jpg,1,1,2,48.0,247.0
data\images\BLF2641\BLF2641_0.jpg,0,0,6,47.0,270.0
data\images\BLF2216\BLF2216_0.jpg,1,1,2,47.0,232.0
data\images\BLF2181\BLF2181_3.jpg,0,0,2,48.0,245.0
data\images\BLF2133\BLF2133_3.jpg,0,0,2,44.5,230.0
data\images\BLF2299\BLF2299_1.jpg,0,0,2,47.9,237.0
data\images\BLF2173\BLF2173_1.jpg,0,0,2,44.0,180.0
data\images\BLF2523\BLF2523_1.jpg,0,0,2,49.0,280.0
data\images\BLF2519\BLF2519_0.jpg,0,0,1,57.0,545.0
data\images\BLF2285\BLF2285_1.jpg,0,0,2,43.0,224.0
data\images\BLF2256\BLF2256_3.jpg,0,0,2,45.0,229.0
data\images\BLF2092\BLF2092_0.jpg,2,2,2,49.3,252.0
data\images\BLF2165\BLF2165_3.jpg,0,0,6,48.0,250.0
data\images\BLF2557\BLF2557_2.jpg,0,0,2,45.6,195.0
data\images\BLF2088\BLF2088_1.jpg,0,0,2,48.0,271.0
data\images\BLF2240\BLF2240_3.jpg,1,1,2,46.8,217.0
data\images\BLF2194\BLF2194_3.jpg,0,0,2,42.2,196.0
data\images\BLF2182\BLF2182_3.jpg,0,0,2,46.0,241.0
data\images\BLF2257\BLF2257_3.jpg,1,1,2,47.2,238.0
data\images\BLF2241\BLF2241_2.jpg,1,1,2,47.0,213.0
data\images\BLF2557\BLF2557_1.jpg,0,0,2,45.6,195.0
data\images\BLF2582\BLF2582_2.jpg,1,1,2,46.0,222.0
data\images\BLF2619\BLF2619_1.jpg,1,1,2,44.7,203.0
data\images\BLF2557\BLF2557_0.jpg,0,0,2,45.6,195.0
data\images\BLF2512\BLF2512_0.jpg,1,1,6,55.0,457.0
data\images\BLF2548\BLF2548_3.jpg,0,0,1,50.8,444.0
data\images\BLF2587\BLF2587_0.jpg,0,0,2,41.5,226.0
data\images\BLF2312\BLF2312_0.jpg,0,0,2,41.2,176.0
data\images\BLF2600\BLF2600_2.jpg,1,1,6,44.3,257.0
data\images\BLF2606\BLF2606_0.jpg,1,1,6,51.1,375.0
data\images\BLF2308\BLF2308_0.jpg,0,0,2,44.2,204.0
data\images\BLF2220\BLF2220_1.jpg,2,2,2,45.0,216.0
data\images\BLF2018\BLF2018_3.jpg,0,0,2,45.0,200.0
data\images\BLF2292\BLF2292_0.jpg,0,0,2,41.4,162.0
data\images\BLF2202\BLF2202_2.jpg,1,1,2,45.0,209.0
data\images\BLF2328\BLF2328_2.jpg,0,0,2,48.4,251.0
data\images\BLF2166\BLF2166_3.jpg,0,0,2,44.0,282.0
data\images\BLF2559\BLF2559_0.jpg,2,2,6,51.0,310.0
data\images\BLF2013\BLF2013_1.jpg,0,0,2,48.0,255.0
data\images\BLF2032\BLF2032_1.jpg,0,0,4,50.0,250.0
data\images\BLF2284\BLF2284_0.jpg,0,0,2,42.0,164.0
data\images\BLF2232\BLF2232_1.jpg,1,1,2,42.2,214.0
data\images\BLF2598\BLF2598_1.jpg,0,0,2,43.1,199.0
data\images\BLF2204\BLF2204_3.jpg,1,1,2,43.1,201.0
data\images\BLF2302\BLF2302_2.jpg,0,0,2,43.0,173.0
data\images\BLF2125\BLF2125_0.jpg,0,0,2,49.0,260.0
data\images\BLF2621\BLF2621_2.jpg,1,1,2,49.6,240.0
data\images\BLF2085\BLF2085_3.jpg,0,0,2,44.0,195.0
data\images\BLF2095\BLF2095_2.jpg,1,1,2,45.2,252.0
data\images\BLF2255\BLF2255_0.jpg,1,1,2,49.5,261.0
data\images\BLF2222\BLF2222_2.jpg,0,0,2,46.0,232.0
data\images\BLF2206\BLF2206_0.jpg,1,1,2,52.8,299.0
data\images\BLF2652\BLF2652_0.jpg,0,0,2,45.0,223.0
data\images\BLF2117\BLF2117_3.jpg,0,0,2,47.0,236.0
data\images\BLF2543\BLF2543_2.jpg,0,0,1,50.0,440.0
data\images\BLF2635\BLF2635_3.jpg,0,0,2,49.0,257.0
data\images\BLF2524\BLF2524_1.jpg,0,0,2,48.3,297.0
data\images\BLF2162\BLF2162_0.jpg,1,1,7,46.3,245.0
data\images\BLF2042\BLF2042_0.jpg,0,0,7,53.6,345.0
data\images\BLF2286\BLF2286_1.jpg,0,0,2,44.0,208.0
data\images\BLF2008\BLF2008_2.jpg,0,0,5,43.2,215.0
data\images\BLF2177\BLF2177_1.jpg,0,0,2,44.3,203.0
data\images\BLF2021\BLF2021_2.jpg,1,1,2,46.0,211.0
data\images\BLF2663\BLF2663_2.jpg,0,0,2,42.5,206.0
data\images\BLF2300\BLF2300_1.jpg,0,0,2,44.5,197.0
data\images\BLF2217\BLF2217_3.jpg,0,0,2,46.0,230.0
data\images\BLF2512\BLF2512_1.jpg,1,1,6,55.0,457.0
data\images\BLF2651\BLF2651_1.jpg,0,0,2,44.5,192.0
data\images\BLF2272\BLF2272_1.jpg,0,0,5,47.0,239.0
data\images\BLF2287\BLF2287_3.jpg,1,1,2,45.9,176.0
data\images\BLF2330\BLF2330_0.jpg,0,0,2,46.0,231.0
data\images\BLF2579\BLF2579_3.jpg,0,0,2,42.8,202.0
data\images\BLF2669\BLF2669_0.jpg,1,1,2,46.0,235.0
data\images\BLF2123\BLF2123_3.jpg,1,1,7,51.6,300.0
data\images\BLF2083\BLF2083_2.jpg,0,0,2,43.0,205.0
data\images\BLF2296\BLF2296_0.jpg,0,0,7,47.0,211.0
data\images\BLF2006\BLF2006_0.jpg,0,0,6,48.0,258.0
data\images\BLF2303\BLF2303_1.jpg,1,1,2,50.9,300.0
data\images\BLF2505\BLF2505_3.jpg,0,0,6,51.9,375.0
data\images\BLF2633\BLF2633_2.jpg,0,0,2,46.5,217.0
data\images\BLF2235\BLF2235_1.jpg,1,1,2,46.9,229.0
data\images\BLF2041\BLF2041_1.jpg,0,0,2,44.0,220.0
data\images\BLF2526\BLF2526_1.jpg,0,0,2,48.4,276.0
data\images\BLF2298\BLF2298_1.jpg,0,0,2,43.7,218.0
data\images\BLF2312\BLF2312_1.jpg,0,0,2,41.2,176.0
data\images\BLF2524\BLF2524_3.jpg,0,0,2,48.3,297.0
data\images\BLF2227\BLF2227_0.jpg,0,0,2,46.0,245.0
data\images\BLF2121\BLF2121_3.jpg,0,0,2,44.8,236.0
data\images\BLF2237\BLF2237_1.jpg,1,1,2,45.5,203.0
data\images\BLF2273\BLF2273_1.jpg,0,0,2,44.9,208.0
data\images\BLF2257\BLF2257_0.jpg,1,1,2,47.2,238.0
data\images\BLF2145\BLF2145_3.jpg,0,0,6,47.0,249.0
data\images\BLF2186\BLF2186_2.jpg,1,1,2,43.0,245.0
data\images\BLF2163\BLF2163_1.jpg,0,0,6,47.5,282.0
data\images\BLF2057\BLF2057_2.jpg,1,1,2,45.6,205.0
data\images\BLF2182\BLF2182_0.jpg,0,0,2,46.0,241.0
data\images\BLF2676\BLF2676_2.jpg,1,1,1,53.0,415.0
data\images\BLF2584\BLF2584_2.jpg,0,0,2,46.0,245.0
data\images\BLF2288\BLF2288_0.jpg,1,1,2,43.0,174.0
data\images\BLF2543\BLF2543_1.jpg,0,0,1,50.0,440.0
data\images\BLF2606\BLF2606_1.jpg,1,1,6,51.1,375.0
data\images\BLF2583\BLF2583_1.jpg,0,0,2,43.3,219.0
data\images\BLF2232\BLF2232_2.jpg,1,1,2,42.2,214.0
data\images\BLF2301\BLF2301_1.jpg,1,1,2,48.3,218.0
data\images\BLF2265\BLF2265_1.jpg,0,0,2,49.0,226.0
data\images\BLF2026\BLF2026_0.jpg,0,0,7,44.5,210.0
data\images\BLF2561\BLF2561_3.jpg,0,0,7,48.4,289.0
data\images\BLF2141\BLF2141_0.jpg,1,1,2,49.0,277.0
data\images\BLF2290\BLF2290_3.jpg,0,0,2,45.7,186.0
data\images\BLF2292\BLF2292_2.jpg,0,0,2,41.4,162.0
data\images\BLF2221\BLF2221_2.jpg,1,1,2,47.0,239.0
data\images\BLF2235\BLF2235_3.jpg,1,1,2,46.9,229.0
data\images\BLF2261\BLF2261_0.jpg,0,0,2,44.9,224.0
data\images\BLF2512\BLF2512_2.jpg,1,1,6,55.0,457.0
data\images\BLF2517\BLF2517_3.jpg,0,0,2,45.6,247.0
data\images\BLF2632\BLF2632_0.jpg,0,0,2,44.0,226.0
data\images\BLF2220\BLF2220_0.jpg,2,2,2,45.0,216.0
data\images\BLF2595\BLF2595_1.jpg,0,0,2,46.0,243.0
data\images\BLF2211\BLF2211_2.jpg,1,1,2,42.0,189.0
data\images\BLF2182\BLF2182_2.jpg,0,0,2,46.0,241.0
data\images\BLF2178\BLF2178_1.jpg,1,1,7,48.0,246.0
data\images\BLF2112\BLF2112_2.jpg,0,0,2,50.9,270.0
data\images\BLF2065\BLF2065_0.jpg,0,0,5,46.8,216.0
data\images\BLF2017\BLF2017_3.jpg,0,0,2,46.0,210.0
data\images\BLF2591\BLF2591_1.jpg,0,0,2,42.9,195.0
data\images\BLF2110\BLF2110_0.jpg,1,1,4,55.5,315.0
data\images\BLF2097\BLF2097_3.jpg,0,0,2,45.6,213.0
data\images\BLF2043\BLF2043_0.jpg,0,0,6,47.5,282.0
data\images\BLF2259\BLF2259_2.jpg,0,0,2,47.8,251.0
data\images\BLF2611\BLF2611_2.jpg,1,1,7,53.6,412.0
data\images\BLF2596\BLF2596_1.jpg,1,1,2,42.0,203.0
data\images\BLF2553\BLF2553_3.jpg,0,0,1,53.0,376.0
data\images\BLF2544\BLF2544_0.jpg,0,0,1,47.1,378.0
data\images\BLF2147\BLF2147_3.jpg,0,0,2,47.7,266.0
data\images\BLF2014\BLF2014_1.jpg,0,0,2,42.0,185.0
data\images\BLF2323\BLF2323_0.jpg,0,0,2,43.0,252.0
data\images\BLF2217\BLF2217_0.jpg,0,0,2,46.0,230.0
data\images\BLF2548\BLF2548_2.jpg,0,0,1,50.8,444.0
data\images\BLF2648\BLF2648_2.jpg,0,0,2,46.0,235.0
data\images\BLF2068\BLF2068_2.jpg,0,0,2,43.0,200.0
data\images\BLF2514\BLF2514_0.jpg,0,0,1,42.0,278.0
data\images\BLF2008\BLF2008_0.jpg,0,0,5,43.2,215.0
data\images\BLF2555\BLF2555_0.jpg,1,1,2,41.6,226.0
data\images\BLF2164\BLF2164_2.jpg,0,0,2,48.0,239.0
data\images\BLF2630\BLF2630_0.jpg,0,0,2,47.1,359.0
data\images\BLF2676\BLF2676_0.jpg,1,1,1,53.0,415.0
data\images\BLF2243\BLF2243_1.jpg,0,0,2,46.0,251.0
data\images\BLF2569\BLF2569_0.jpg,1,1,2,47.0,276.0
data\images\BLF2183\BLF2183_2.jpg,1,1,2,48.0,247.0
data\images\BLF2046\BLF2046_3.jpg,0,0,2,48.0,246.0
data\images\BLF2228\BLF2228_3.jpg,1,1,2,45.5,207.0
data\images\BLF2113\BLF2113_0.jpg,0,0,2,45.6,230.0
data\images\BLF2167\BLF2167_3.jpg,0,0,2,47.8,242.0
data\images\BLF2189\BLF2189_0.jpg,1,1,2,47.0,260.0
data\images\BLF2630\BLF2630_1.jpg,0,0,2,47.1,359.0
data\images\BLF2577\BLF2577_0.jpg,0,0,7,46.0,283.0
data\images\BLF2181\BLF2181_0.jpg,0,0,2,48.0,245.0
data\images\BLF2515\BLF2515_3.jpg,0,0,1,50.0,438.0
data\images\BLF2102\BLF2102_0.jpg,1,1,2,42.9,179.0
data\images\BLF2273\BLF2273_2.jpg,0,0,2,44.9,208.0
data\images\BLF2205\BLF2205_1.jpg,1,1,2,46.0,227.0
data\images\BLF2550\BLF2550_1.jpg,0,0,1,51.1,440.0
data\images\BLF2153\BLF2153_0.jpg,0,0,2,49.6,275.0
data\images\BLF2027\BLF2027_2.jpg,0,0,2,48.7,265.0
data\images\BLF2103\BLF2103_1.jpg,0,0,2,43.1,195.0
data\images\BLF2656\BLF2656_2.jpg,1,1,2,45.0,209.0
data\images\BLF2241\BLF2241_1.jpg,1,1,2,47.0,213.0
data\images\BLF2150\BLF2150_0.jpg,0,0,2,44.0,223.0
data\images\BLF2659\BLF2659_0.jpg,0,0,2,47.0,248.0
data\images\BLF2021\BLF2021_1.jpg,1,1,2,46.0,211.0
data\images\BLF2211\BLF2211_0.jpg,1,1,2,42.0,189.0
data\images\BLF2556\BLF2556_0.jpg,0,0,2,51.0,381.0
data\images\BLF2658\BLF2658_2.jpg,0,0,2,43.1,197.0
data\images\BLF2187\BLF2187_1.jpg,0,0,5,44.0,254.0
data\images\BLF2123\BLF2123_2.jpg,1,1,7,51.6,300.0
data\images\BLF2318\BLF2318_0.jpg,0,0,2,42.3,161.0
data\images\BLF2330\BLF2330_1.jpg,0,0,2,46.0,231.0
data\images\BLF2001\BLF2001_3.jpg,0,0,2,48.5,279.0
data\images\BLF2098\BLF2098_0.jpg,0,0,2,47.1,257.0
data\images\BLF2070\BLF2070_0.jpg,1,1,6,46.0,236.0
data\images\BLF2265\BLF2265_2.jpg,0,0,2,49.0,226.0
data\images\BLF2296\BLF2296_3.jpg,0,0,7,47.0,211.0
data\images\BLF2526\BLF2526_0.jpg,0,0,2,48.4,276.0
data\images\BLF2613\BLF2613_3.jpg,0,0,6,46.8,280.0
data\images\BLF2171\BLF2171_2.jpg,0,0,1,48.4,268.0
data\images\BLF2584\BLF2584_1.jpg,0,0,2,46.0,245.0
data\images\BLF2647\BLF2647_3.jpg,1,1,7,48.0,248.0
data\images\BLF2171\BLF2171_1.jpg,0,0,1,48.4,268.0
data\images\BLF2211\BLF2211_3.jpg,1,1,2,42.0,189.0
data\images\BLF2038\BLF2038_3.jpg,0,0,2,47.1,235.0
data\images\BLF2222\BLF2222_3.jpg,0,0,2,46.0,232.0
data\images\BLF2570\BLF2570_0.jpg,0,0,2,49.6,258.0
data\images\BLF2063\BLF2063_1.jpg,0,0,5,48.3,286.0
data\images\BLF2082\BLF2082_3.jpg,1,1,6,47.0,272.0
data\images\BLF2648\BLF2648_3.jpg,0,0,2,46.0,235.0
data\images\BLF2258\BLF2258_3.jpg,0,0,7,46.3,242.0
data\images\BLF2127\BLF2127_3.jpg,0,0,2,44.3,201.0
data\images\BLF2503\BLF2503_0.jpg,1,1,0,52.1,606.0
data\images\BLF2252\BLF2252_3.jpg,0,0,2,47.7,246.0
data\images\BLF2191\BLF2191_0.jpg,0,0,2,43.0,220.0
data\images\BLF2614\BLF2614_1.jpg,2,2,6,52.4,372.0
data\images\BLF2189\BLF2189_1.jpg,1,1,2,47.0,260.0
data\images\BLF2310\BLF2310_2.jpg,0,0,2,46.8,224.0
data\images\BLF2299\BLF2299_3.jpg,0,0,2,47.9,237.0
data\images\BLF2542\BLF2542_3.jpg,0,0,1,51.0,421.0
data\images\BLF2675\BLF2675_1.jpg,2,2,2,58.2,510.0
data\images\BLF2129\BLF2129_1.jpg,1,1,2,50.9,275.0
data\images\BLF2004\BLF2004_2.jpg,0,0,2,43.5,202.0
data\images\BLF2088\BLF2088_0.jpg,0,0,2,48.0,271.0
data\images\BLF2318\BLF2318_1.jpg,0,0,2,42.3,161.0
data\images\BLF2327\BLF2327_0.jpg,0,0,2,47.0,224.0
data\images\BLF2597\BLF2597_3.jpg,0,0,5,47.0,263.0
data\images\BLF2084\BLF2084_0.jpg,1,1,2,47.3,217.0
data\images\BLF2106\BLF2106_3.jpg,0,0,2,48.0,277.0
data\images\BLF2117\BLF2117_1.jpg,0,0,2,47.0,236.0
data\images\BLF2053\BLF2053_1.jpg,0,0,2,51.0,302.0
data\images\BLF2226\BLF2226_3.jpg,0,0,2,49.6,261.0
data\images\BLF2305\BLF2305_3.jpg,0,0,2,46.9,221.0
data\images\BLF2575\BLF2575_1.jpg,0,0,2,43.1,211.0
data\images\BLF2251\BLF2251_3.jpg,0,0,5,47.0,256.0
data\images\BLF2666\BLF2666_3.jpg,0,0,2,47.0,240.0
data\images\BLF2022\BLF2022_1.jpg,0,0,2,49.0,240.0
data\images\BLF2251\BLF2251_0.jpg,0,0,5,47.0,256.0
data\images\BLF2266\BLF2266_2.jpg,0,0,2,47.6,257.0
data\images\BLF2272\BLF2272_0.jpg,0,0,5,47.0,239.0
data\images\BLF2572\BLF2572_2.jpg,1,1,2,46.8,254.0
data\images\BLF2326\BLF2326_0.jpg,0,0,2,44.5,244.0
data\images\BLF2173\BLF2173_0.jpg,0,0,2,44.0,180.0
data\images\BLF2664\BLF2664_2.jpg,0,0,1,48.5,276.0
data\images\BLF2248\BLF2248_0.jpg,1,1,2,50.0,255.0
data\images\BLF2530\BLF2530_2.jpg,0,0,2,51.0,389.0
data\images\BLF2037\BLF2037_1.jpg,1,1,2,45.6,200.0
data\images\BLF2273\BLF2273_3.jpg,0,0,2,44.9,208.0
data\images\BLF2606\BLF2606_3.jpg,1,1,6,51.1,375.0
data\images\BLF2678\BLF2678_3.jpg,0,0,6,57.0,698.0
data\images\BLF2196\BLF2196_1.jpg,0,0,2,46.0,248.0
data\images\BLF2144\BLF2144_0.jpg,0,0,2,47.2,222.0
data\images\BLF2533\BLF2533_2.jpg,0,1,1,52.0,434.0
data\images\BLF2174\BLF2174_3.jpg,0,0,2,45.0,232.0
data\images\BLF2302\BLF2302_0.jpg,0,0,2,43.0,173.0
data\images\BLF2322\BLF2322_3.jpg,0,0,5,40.0,178.0
data\images\BLF2593\BLF2593_2.jpg,0,0,2,43.0,210.0
data\images\BLF2314\BLF2314_0.jpg,0,0,2,46.3,260.0
data\images\BLF2120\BLF2120_3.jpg,0,0,2,48.1,220.0
data\images\BLF2138\BLF2138_3.jpg,0,0,2,48.5,213.0
data\images\BLF2284\BLF2284_1.jpg,0,0,2,42.0,164.0
data\images\BLF2278\BLF2278_3.jpg,1,1,6,44.2,212.0
data\images\BLF2199\BLF2199_1.jpg,1,1,2,45.7,229.0
data\images\BLF2127\BLF2127_0.jpg,0,0,2,44.3,201.0
data\images\BLF2157\BLF2157_1.jpg,0,0,2,43.5,205.0
data\images\BLF2545\BLF2545_3.jpg,0,0,2,56.1,497.0
data\images\BLF2646\BLF2646_2.jpg,0,0,2,46.0,230.0
data\images\BLF2562\BLF2562_2.jpg,1,1,2,45.4,230.0
data\images\BLF2286\BLF2286_2.jpg,0,0,2,44.0,208.0
data\images\BLF2196\BLF2196_2.jpg,0,0,2,46.0,248.0
data\images\BLF2028\BLF2028_0.jpg,1,1,2,49.0,245.0
data\images\BLF2540\BLF2540_1.jpg,0,0,1,52.0,440.0
data\images\BLF2184\BLF2184_0.jpg,0,0,2,44.3,235.0
data\images\BLF2599\BLF2599_3.jpg,0,0,5,49.6,280.0
data\images\BLF2269\BLF2269_1.jpg,0,0,6,47.5,250.0
data\images\BLF2206\BLF2206_2.jpg,1,1,2,52.8,299.0
data\images\BLF2028\BLF2028_3.jpg,1,1,2,49.0,245.0
data\images\BLF2163\BLF2163_0.jpg,0,0,6,47.5,282.0
data\images\BLF2655\BLF2655_3.jpg,0,0,2,48.0,251.0
data\images\BLF2157\BLF2157_3.jpg,0,0,2,43.5,205.0
data\images\BLF2091\BLF2091_1.jpg,0,0,6,49.8,273.0
data\images\BLF2066\BLF2066_0.jpg,0,0,2,42.6,185.0
data\images\BLF2162\BLF2162_3.jpg,1,1,7,46.3,245.0
data\images\BLF2232\BLF2232_3.jpg,1,1,2,42.2,214.0
data\images\BLF2204\BLF2204_2.jpg,1,1,2,43.1,201.0
data\images\BLF2215\BLF2215_2.jpg,0,0,2,50.4,275.0
data\images\BLF2010\BLF2010_2.jpg,0,0,2,47.0,224.0
data\images\BLF2509\BLF2509_1.jpg,0,0,2,51.0,322.0
data\images\BLF2604\BLF2604_1.jpg,0,0,2,42.0,186.0
data\images\BLF2246\BLF2246_3.jpg,0,0,2,45.0,228.0
data\images\BLF2218\BLF2218_0.jpg,1,1,2,47.5,219.0
data\images\BLF2192\BLF2192_1.jpg,0,0,2,45.6,244.0
data\images\BLF2303\BLF2303_3.jpg,1,1,2,50.9,300.0
data\images\BLF2280\BLF2280_2.jpg,0,0,2,41.6,183.0
data\images\BLF 2342\BLF 2342_0.jpg,0,0,2,52.0,256.0
data\images\BLF2249\BLF2249_3.jpg,1,1,2,45.5,211.0
data\images\BLF2608\BLF2608_1.jpg,0,0,5,51.1,282.0
data\images\BLF2064\BLF2064_3.jpg,0,0,7,50.0,305.0
data\images\BLF2568\BLF2568_2.jpg,0,0,2,41.0,187.0
data\images\BLF2646\BLF2646_0.jpg,0,0,2,46.0,230.0
data\images\BLF2109\BLF2109_3.jpg,1,1,6,47.0,205.0
data\images\BLF2249\BLF2249_2.jpg,1,1,2,45.5,211.0
data\images\BLF2268\BLF2268_1.jpg,0,0,5,48.0,224.0
data\images\BLF2208\BLF2208_1.jpg,1,1,2,47.2,222.0
data\images\BLF2625\BLF2625_3.jpg,0,0,2,41.5,205.0
data\images\BLF2075\BLF2075_0.jpg,0,0,2,48.3,225.0
data\images\BLF2507\BLF2507_1.jpg,0,0,4,54.0,340.0
data\images\BLF2645\BLF2645_3.jpg,1,1,2,46.8,244.0
data\images\BLF2077\BLF2077_1.jpg,0,0,6,50.9,279.0
data\images\BLF2036\BLF2036_1.jpg,1,1,6,46.0,230.0
data\images\BLF2286\BLF2286_0.jpg,0,0,2,44.0,208.0
data\images\BLF2302\BLF2302_1.jpg,0,0,2,43.0,173.0
data\images\BLF2142\BLF2142_2.jpg,0,0,2,42.2,211.0
data\images\BLF2011\BLF2011_2.jpg,1,1,2,45.8,245.0
data\images\BLF2564\BLF2564_1.jpg,0,0,2,42.0,192.0
data\images\BLF2180\BLF2180_2.jpg,0,0,2,47.0,260.0
data\images\BLF2207\BLF2207_1.jpg,1,1,2,51.5,261.0
data\images\BLF2510\BLF2510_1.jpg,0,0,6,45.6,243.0
data\images\BLF2277\BLF2277_3.jpg,0,0,2,42.0,210.0
data\images\BLF2290\BLF2290_2.jpg,0,0,2,45.7,186.0
data\images\BLF2116\BLF2116_2.jpg,0,0,6,46.0,263.0
data\images\BLF2241\BLF2241_3.jpg,1,1,2,47.0,213.0
data\images\BLF2162\BLF2162_1.jpg,1,1,7,46.3,245.0
data\images\BLF2098\BLF2098_3.jpg,0,0,2,47.1,257.0
data\images\BLF2126\BLF2126_3.jpg,0,0,2,44.3,245.0
data\images\BLF2079\BLF2079_0.jpg,1,1,7,48.3,262.0
data\images\BLF2003\BLF2003_3.jpg,0,0,2,44.0,212.0
data\images\BLF2170\BLF2170_0.jpg,0,0,6,48.0,239.0
data\images\BLF2007\BLF2007_3.jpg,0,0,2,46.0,240.0
data\images\BLF2224\BLF2224_2.jpg,1,1,2,48.0,194.0
data\images\BLF2622\BLF2622_2.jpg,0,0,6,49.0,281.0
data\images\BLF2205\BLF2205_3.jpg,1,1,2,46.0,227.0
data\images\BLF2627\BLF2627_2.jpg,0,0,7,43.0,210.0
data\images\BLF2100\BLF2100_3.jpg,0,0,2,43.0,208.0
data\images\BLF2229\BLF2229_0.jpg,1,1,2,48.0,246.0
data\images\BLF2133\BLF2133_1.jpg,0,0,2,44.5,230.0
data\images\BLF2188\BLF2188_2.jpg,0,0,2,49.0,261.0
data\images\BLF2655\BLF2655_0.jpg,0,0,2,48.0,251.0
data\images\BLF2264\BLF2264_2.jpg,0,0,2,47.0,240.0
data\images\BLF2298\BLF2298_3.jpg,0,0,2,43.7,218.0
data\images\BLF2060\BLF2060_1.jpg,0,0,2,46.9,220.0
data\images\BLF2520\BLF2520_0.jpg,0,0,1,47.0,378.0
data\images\BLF2280\BLF2280_3.jpg,0,0,2,41.6,183.0
data\images\BLF2195\BLF2195_0.jpg,0,0,2,44.0,216.0
data\images\BLF2613\BLF2613_1.jpg,0,0,6,46.8,280.0
data\images\BLF2121\BLF2121_1.jpg,0,0,2,44.8,236.0
data\images\BLF2037\BLF2037_2.jpg,1,1,2,45.6,200.0
data\images\BLF2239\BLF2239_1.jpg,1,1,2,49.0,245.0
data\images\BLF2212\BLF2212_1.jpg,1,1,2,43.1,210.0
data\images\BLF2326\BLF2326_3.jpg,0,0,2,44.5,244.0
data\images\BLF2155\BLF2155_1.jpg,0,0,2,41.5,199.0
data\images\BLF2170\BLF2170_1.jpg,0,0,6,48.0,239.0
data\images\BLF2566\BLF2566_2.jpg,0,0,2,43.1,188.0
data\images\BLF2141\BLF2141_1.jpg,1,1,2,49.0,277.0
data\images\BLF2656\BLF2656_0.jpg,1,1,2,45.0,209.0
data\images\BLF2003\BLF2003_1.jpg,0,0,2,44.0,212.0
data\images\BLF2030\BLF2030_3.jpg,1,1,5,47.2,205.0
data\images\BLF2502\BLF2502_2.jpg,2,2,0,57.6,816.0
data\images\BLF2318\BLF2318_3.jpg,0,0,2,42.3,161.0
data\images\BLF2671\BLF2671_2.jpg,1,1,5,43.1,219.0
data\images\BLF2230\BLF2230_3.jpg,1,1,2,45.0,185.0
data\images\BLF2244\BLF2244_0.jpg,0,0,7,47.0,226.0
data\images\BLF2670\BLF2670_2.jpg,0,0,2,44.3,235.0
data\images\BLF2046\BLF2046_2.jpg,0,0,2,48.0,246.0
data\images\BLF2283\BLF2283_3.jpg,0,0,2,46.0,220.0
data\images\BLF2247\BLF2247_0.jpg,0,0,2,43.4,200.0
data\images\BLF2668\BLF2668_1.jpg,0,0,2,49.5,273.0
data\images\BLF2667\BLF2667_3.jpg,1,1,2,48.0,242.0
data\images\BLF2150\BLF2150_2.jpg,0,0,2,44.0,223.0
data\images\BLF2044\BLF2044_0.jpg,0,0,2,47.1,255.0
data\images\BLF2074\BLF2074_1.jpg,0,0,4,45.6,210.0
data\images\BLF2123\BLF2123_0.jpg,1,1,7,51.6,300.0
data\images\BLF2601\BLF2601_0.jpg,0,0,6,46.6,273.0
data\images\BLF2604\BLF2604_2.jpg,0,0,2,42.0,186.0
data\images\BLF2668\BLF2668_3.jpg,0,0,2,49.5,273.0
data\images\BLF2586\BLF2586_0.jpg,0,0,6,47.1,280.0
data\images\BLF2128\BLF2128_1.jpg,0,0,2,49.4,260.0
data\images\BLF2675\BLF2675_2.jpg,2,2,2,58.2,510.0
data\images\BLF2266\BLF2266_1.jpg,0,0,2,47.6,257.0
data\images\BLF2118\BLF2118_0.jpg,0,0,6,49.6,300.0
data\images\BLF2038\BLF2038_1.jpg,0,0,2,47.1,235.0
data\images\BLF2309\BLF2309_3.jpg,1,1,2,45.3,246.0
data\images\BLF2297\BLF2297_3.jpg,1,1,2,45.1,247.0
data\images\BLF2003\BLF2003_0.jpg,0,0,2,44.0,212.0
data\images\BLF2549\BLF2549_3.jpg,0,0,1,50.8,459.0
data\images\BLF2267\BLF2267_0.jpg,1,1,2,48.5,222.0
data\images\BLF2672\BLF2672_1.jpg,0,0,2,45.6,232.0
data\images\BLF2135\BLF2135_2.jpg,0,0,2,49.0,263.0
data\images\BLF2550\BLF2550_3.jpg,0,0,1,51.1,440.0
data\images\BLF2163\BLF2163_2.jpg,0,0,6,47.5,282.0
data\images\BLF2582\BLF2582_3.jpg,1,1,2,46.0,222.0
data\images\BLF2253\BLF2253_3.jpg,0,0,5,50.5,268.0
data\images\BLF2592\BLF2592_2.jpg,0,0,6,46.0,235.0
data\images\BLF2542\BLF2542_0.jpg,0,0,1,51.0,421.0
data\images\BLF2238\BLF2238_3.jpg,1,1,2,43.5,189.0
data\images\BLF2649\BLF2649_1.jpg,0,0,2,46.9,223.0
data\images\BLF2069\BLF2069_3.jpg,0,0,1,42.0,202.0
data\images\BLF2574\BLF2574_0.jpg,0,0,2,43.1,200.0
data\images\BLF2198\BLF2198_1.jpg,0,0,5,48.0,266.0
data\images\BLF2583\BLF2583_0.jpg,0,0,2,43.3,219.0
data\images\BLF2055\BLF2055_1.jpg,1,1,6,47.0,240.0
data\images\BLF2005\BLF2005_2.jpg,0,0,2,45.0,205.0
data\images\BLF2620\BLF2620_2.jpg,0,0,2,44.3,206.0
data\images\BLF2108\BLF2108_1.jpg,0,0,2,47.2,250.0
data\images\BLF2666\BLF2666_2.jpg,0,0,2,47.0,240.0
data\images\BLF2513\BLF2513_0.jpg,0,0,6,54.9,415.0
data\images\BLF2056\BLF2056_1.jpg,1,1,2,45.8,218.0
data\images\BLF2008\BLF2008_1.jpg,0,0,5,43.2,215.0
data\images\BLF2186\BLF2186_1.jpg,1,1,2,43.0,245.0
data\images\BLF2260\BLF2260_1.jpg,0,0,2,44.5,206.0
data\images\BLF2515\BLF2515_2.jpg,0,0,1,50.0,438.0
data\images\BLF2116\BLF2116_1.jpg,0,0,6,46.0,263.0
data\images\BLF2600\BLF2600_1.jpg,1,1,6,44.3,257.0
data\images\BLF2671\BLF2671_1.jpg,1,1,5,43.1,219.0
data\images\BLF2170\BLF2170_3.jpg,0,0,6,48.0,239.0
data\images\BLF2639\BLF2639_1.jpg,0,0,7,51.0,288.0
data\images\BLF2158\BLF2158_3.jpg,0,0,2,43.0,172.0
data\images\BLF2629\BLF2629_3.jpg,0,0,6,50.0,294.0
data\images\BLF2303\BLF2303_2.jpg,1,1,2,50.9,300.0
data\images\BLF2288\BLF2288_2.jpg,1,1,2,43.0,174.0
data\images\BLF2519\BLF2519_3.jpg,0,0,1,57.0,545.0
data\images\BLF2547\BLF2547_3.jpg,0,0,1,48.3,444.0
data\images\BLF2643\BLF2643_0.jpg,0,0,6,44.0,259.0
data\images\BLF2324\BLF2324_0.jpg,0,0,2,47.1,260.0
data\images\BLF2634\BLF2634_0.jpg,0,0,2,45.0,207.0
data\images\BLF2199\BLF2199_0.jpg,1,1,2,45.7,229.0
data\images\BLF2566\BLF2566_3.jpg,0,0,2,43.1,188.0
data\images\BLF2039\BLF2039_0.jpg,0,0,2,44.3,210.0
data\images\BLF2238\BLF2238_0.jpg,1,1,2,43.5,189.0
data\images\BLF2295\BLF2295_2.jpg,0,0,5,44.0,199.0
data\images\BLF2204\BLF2204_1.jpg,1,1,2,43.1,201.0
data\images\BLF2597\BLF2597_2.jpg,0,0,5,47.0,263.0
data\images\BLF2218\BLF2218_1.jpg,1,1,2,47.5,219.0
data\images\BLF2227\BLF2227_1.jpg,0,0,2,46.0,245.0
data\images\BLF2037\BLF2037_0.jpg,1,1,2,45.6,200.0
data\images\BLF2652\BLF2652_3.jpg,0,0,2,45.0,223.0
data\images\BLF2622\BLF2622_0.jpg,0,0,6,49.0,281.0
data\images\BLF2126\BLF2126_1.jpg,0,0,2,44.3,245.0
data\images\BLF2282\BLF2282_3.jpg,0,0,2,46.8,251.0
data\images\BLF2311\BLF2311_2.jpg,1,1,5,44.0,181.0
data\images\BLF2593\BLF2593_0.jpg,0,0,2,43.0,210.0
data\images\BLF2024\BLF2024_3.jpg,0,0,2,47.0,230.0
data\images\BLF2527\BLF2527_1.jpg,0,0,7,52.0,546.0
data\images\BLF2526\BLF2526_3.jpg,0,0,2,48.4,276.0
data\images\BLF2612\BLF2612_1.jpg,0,0,2,43.0,203.0
data\images\BLF2145\BLF2145_2.jpg,0,0,6,47.0,249.0
data\images\BLF2620\BLF2620_0.jpg,0,0,2,44.3,206.0
data\images\BLF2284\BLF2284_3.jpg,0,0,2,42.0,164.0
data\images\BLF2012\BLF2012_1.jpg,1,1,2,47.0,245.0
data\images\BLF2036\BLF2036_3.jpg,1,1,6,46.0,230.0
data\images\BLF2099\BLF2099_3.jpg,1,1,6,48.5,295.0
data\images\BLF2665\BLF2665_0.jpg,0,0,2,46.5,226.0
data\images\BLF2050\BLF2050_3.jpg,0,0,2,44.3,255.0
data\images\BLF2652\BLF2652_2.jpg,0,0,2,45.0,223.0
data\images\BLF2586\BLF2586_2.jpg,0,0,6,47.1,280.0
data\images\BLF2279\BLF2279_2.jpg,0,0,2,44.3,231.0
data\images\BLF2615\BLF2615_1.jpg,0,0,3,44.0,183.0
data\images\BLF2001\BLF2001_0.jpg,0,0,2,48.5,279.0
data\images\BLF2252\BLF2252_2.jpg,0,0,2,47.7,246.0
data\images\BLF2655\BLF2655_1.jpg,0,0,2,48.0,251.0
data\images\BLF2264\BLF2264_0.jpg,0,0,2,47.0,240.0
data\images\BLF2112\BLF2112_0.jpg,0,0,2,50.9,270.0
data\images\BLF2584\BLF2584_3.jpg,0,0,2,46.0,245.0
data\images\BLF2062\BLF2062_1.jpg,0,0,7,47.0,267.0
data\images\BLF2330\BLF2330_3.jpg,0,0,2,46.0,231.0
data\images\BLF2223\BLF2223_0.jpg,0,0,2,47.0,236.0
data\images\BLF2611\BLF2611_0.jpg,1,1,7,53.6,412.0
data\images\BLF2219\BLF2219_0.jpg,0,0,2,44.3,229.0
data\images\BLF2564\BLF2564_3.jpg,0,0,2,42.0,192.0
data\images\BLF2651\BLF2651_0.jpg,0,0,2,44.5,192.0
data\images\BLF2154\BLF2154_3.jpg,0,0,2,45.0,220.0
data\images\BLF2085\BLF2085_1.jpg,0,0,2,44.0,195.0
data\images\BLF2602\BLF2602_3.jpg,0,0,6,49.6,315.0
data\images\BLF2064\BLF2064_2.jpg,0,0,7,50.0,305.0
data\images\BLF2574\BLF2574_2.jpg,0,0,2,43.1,200.0
data\images\BLF2329\BLF2329_1.jpg,0,0,2,44.3,198.0
data\images\BLF2525\BLF2525_2.jpg,0,0,6,46.8,297.0
data\images\BLF2036\BLF2036_2.jpg,1,1,6,46.0,230.0
data\images\BLF2117\BLF2117_0.jpg,0,0,2,47.0,236.0
data\images\BLF2159\BLF2159_0.jpg,0,0,2,44.4,225.0
data\images\BLF2675\BLF2675_0.jpg,2,2,2,58.2,510.0
data\images\BLF2649\BLF2649_2.jpg,0,0,2,46.9,223.0
data\images\BLF2136\BLF2136_2.jpg,0,0,1,46.0,257.0
data\images\BLF2622\BLF2622_3.jpg,0,0,6,49.0,281.0
data\images\BLF2231\BLF2231_0.jpg,1,1,2,45.4,261.0
data\images\BLF2121\BLF2121_0.jpg,0,0,2,44.8,236.0
data\images\BLF2631\BLF2631_1.jpg,0,0,2,47.0,231.0
data\images\BLF2291\BLF2291_3.jpg,0,0,2,39.0,160.0
data\images\BLF2035\BLF2035_2.jpg,0,0,6,47.0,242.0
data\images\BLF2603\BLF2603_1.jpg,1,1,2,45.6,282.0
data\images\BLF2661\BLF2661_2.jpg,0,0,6,46.9,249.0
data\images\BLF2099\BLF2099_2.jpg,1,1,6,48.5,295.0
data\images\BLF2237\BLF2237_2.jpg,1,1,2,45.5,203.0
data\images\BLF2648\BLF2648_1.jpg,0,0,2,46.0,235.0
data\images\BLF2163\BLF2163_3.jpg,0,0,6,47.5,282.0
data\images\BLF2509\BLF2509_0.jpg,0,0,2,51.0,322.0
data\images\BLF2114\BLF2114_3.jpg,0,0,2,45.0,246.0
data\images\BLF2503\BLF2503_1.jpg,1,1,0,52.1,606.0
data\images\BLF2045\BLF2045_2.jpg,0,0,2,44.0,225.0
data\images\BLF2285\BLF2285_3.jpg,0,0,2,43.0,224.0
data\images\BLF2305\BLF2305_0.jpg,0,0,2,46.9,221.0
data\images\BLF2151\BLF2151_0.jpg,0,0,2,45.4,205.0
data\images\BLF2034\BLF2034_3.jpg,0,0,2,43.5,210.0
data\images\BLF2186\BLF2186_3.jpg,1,1,2,43.0,245.0
data\images\BLF2549\BLF2549_2.jpg,0,0,1,50.8,459.0
data\images\BLF2244\BLF2244_1.jpg,0,0,7,47.0,226.0
data\images\BLF2048\BLF2048_1.jpg,1,1,2,50.0,285.0
data\images\BLF2574\BLF2574_1.jpg,0,0,2,43.1,200.0
data\images\BLF2219\BLF2219_3.jpg,0,0,2,44.3,229.0
data\images\BLF2068\BLF2068_3.jpg,0,0,2,43.0,200.0
data\images\BLF2072\BLF2072_1.jpg,0,0,6,48.3,281.0
data\images\BLF2634\BLF2634_1.jpg,0,0,2,45.0,207.0
data\images\BLF2099\BLF2099_0.jpg,1,1,6,48.5,295.0
data\images\BLF2029\BLF2029_2.jpg,1,1,6,45.8,225.0
data\images\BLF2300\BLF2300_3.jpg,0,0,2,44.5,197.0
data\images\BLF2049\BLF2049_2.jpg,0,0,2,50.3,300.0
data\images\BLF2531\BLF2531_2.jpg,0,0,7,49.0,380.0
data\images\BLF2207\BLF2207_3.jpg,1,1,2,51.5,261.0
data\images\BLF2060\BLF2060_2.jpg,0,0,2,46.9,220.0
data\images\BLF2525\BLF2525_3.jpg,0,0,6,46.8,297.0
data\images\BLF2599\BLF2599_1.jpg,0,0,5,49.6,280.0
data\images\BLF2616\BLF2616_0.jpg,0,0,2,47.1,246.0
data\images\BLF2654\BLF2654_1.jpg,1,1,2,48.3,255.0
data\images\BLF2592\BLF2592_3.jpg,0,0,6,46.0,235.0
data\images\BLF2649\BLF2649_0.jpg,0,0,2,46.9,223.0
data\images\BLF2287\BLF2287_1.jpg,1,1,2,45.9,176.0
data\images\BLF2581\BLF2581_1.jpg,0,0,6,44.0,229.0
data\images\BLF2522\BLF2522_2.jpg,0,0,6,56.4,487.0
data\images\BLF2095\BLF2095_0.jpg,1,1,2,45.2,252.0
data\images\BLF2617\BLF2617_1.jpg,0,0,7,51.0,300.0
data\images\BLF2605\BLF2605_3.jpg,1,1,2,46.0,254.0
data\images\BLF2212\BLF2212_2.jpg,1,1,2,43.1,210.0
data\images\BLF2563\BLF2563_1.jpg,1,1,2,42.9,206.0
data\images\BLF2053\BLF2053_3.jpg,0,0,2,51.0,302.0
data\images\BLF2159\BLF2159_1.jpg,0,0,2,44.4,225.0
data\images\BLF 2340\BLF 2340_1.jpg,0,0,2,50.9,270.0
data\images\BLF2027\BLF2027_0.jpg,0,0,2,48.7,265.0
data\images\BLF2173\BLF2173_2.jpg,0,0,2,44.0,180.0
data\images\BLF2658\BLF2658_0.jpg,0,0,2,43.1,197.0
data\images\BLF2236\BLF2236_3.jpg,1,1,2,45.0,199.0
data\images\BLF2578\BLF2578_0.jpg,0,0,2,42.3,220.0
data\images\BLF2575\BLF2575_0.jpg,0,0,2,43.1,211.0
data\images\BLF2655\BLF2655_2.jpg,0,0,2,48.0,251.0
data\images\BLF2518\BLF2518_2.jpg,1,1,7,50.0,330.0
data\images\BLF2518\BLF2518_1.jpg,1,1,7,50.0,330.0
data\images\BLF2549\BLF2549_1.jpg,0,0,1,50.8,459.0
data\images\BLF2321\BLF2321_3.jpg,0,0,2,45.7,179.0
data\images\BLF2630\BLF2630_2.jpg,0,0,2,47.1,359.0
data\images\BLF2109\BLF2109_1.jpg,1,1,6,47.0,205.0
data\images\BLF2546\BLF2546_0.jpg,0,0,1,51.0,419.0
data\images\BLF2283\BLF2283_0.jpg,0,0,2,46.0,220.0
data\images\BLF2594\BLF2594_3.jpg,0,0,3,39.0,183.0
data\images\BLF2313\BLF2313_0.jpg,0,0,2,43.5,202.0
data\images\BLF2644\BLF2644_2.jpg,0,0,6,46.9,257.0
data\images\BLF2573\BLF2573_3.jpg,1,1,2,43.0,250.0
data\images\BLF2589\BLF2589_3.jpg,0,0,6,43.0,223.0
data\images\BLF2515\BLF2515_1.jpg,0,0,1,50.0,438.0
data\images\BLF2164\BLF2164_3.jpg,0,0,2,48.0,239.0
data\images\BLF2637\BLF2637_1.jpg,0,0,4,45.5,274.0
data\images\BLF2313\BLF2313_1.jpg,0,0,2,43.5,202.0
data\images\BLF2623\BLF2623_1.jpg,0,0,2,49.6,316.0
data\images\BLF2591\BLF2591_0.jpg,0,0,2,42.9,195.0
data\images\BLF2078\BLF2078_1.jpg,0,0,6,45.6,227.0
data\images\BLF2161\BLF2161_0.jpg,0,0,2,44.8,204.0
data\images\BLF2524\BLF2524_2.jpg,0,0,2,48.3,297.0
data\images\BLF2535\BLF2535_3.jpg,0,0,1,51.1,390.0
data\images\BLF2176\BLF2176_1.jpg,0,0,2,46.5,229.0
data\images\BLF2511\BLF2511_2.jpg,0,0,6,45.6,280.0
data\images\BLF2319\BLF2319_2.jpg,1,1,2,43.6,227.0
data\images\BLF2608\BLF2608_0.jpg,0,0,5,51.1,282.0
data\images\BLF2242\BLF2242_0.jpg,0,0,2,45.0,224.0
data\images\BLF2155\BLF2155_3.jpg,0,0,2,41.5,199.0
data\images\BLF2157\BLF2157_0.jpg,0,0,2,43.5,205.0
data\images\BLF2325\BLF2325_2.jpg,0,0,2,46.8,230.0
data\images\BLF2516\BLF2516_0.jpg,0,0,1,50.0,355.0
data\images\BLF2518\BLF2518_0.jpg,1,1,7,50.0,330.0
data\images\BLF2311\BLF2311_0.jpg,1,1,5,44.0,181.0
data\images\BLF2667\BLF2667_2.jpg,1,1,2,48.0,242.0
data\images\BLF2312\BLF2312_2.jpg,0,0,2,41.2,176.0
data\images\BLF2540\BLF2540_0.jpg,0,0,1,52.0,440.0
data\images\BLF2508\BLF2508_3.jpg,0,0,2,51.0,315.0
data\images\BLF2548\BLF2548_1.jpg,0,0,1,50.8,444.0
data\images\BLF2581\BLF2581_3.jpg,0,0,6,44.0,229.0
data\images\BLF2504\BLF2504_2.jpg,0,0,6,50.8,383.0
data\images\BLF2621\BLF2621_1.jpg,1,1,2,49.6,240.0
data\images\BLF2660\BLF2660_3.jpg,1,1,2,44.0,215.0
data\images\BLF2654\BLF2654_0.jpg,1,1,2,48.3,255.0
data\images\BLF2576\BLF2576_3.jpg,0,0,2,45.0,230.0
data\images\BLF2666\BLF2666_1.jpg,0,0,2,47.0,240.0
data\images\BLF2197\BLF2197_3.jpg,0,0,2,48.3,227.0
data\images\BLF2160\BLF2160_1.jpg,0,0,2,46.5,249.0
data\images\BLF2252\BLF2252_0.jpg,0,0,2,47.7,246.0
data\images\BLF2638\BLF2638_1.jpg,0,0,2,46.8,210.0
data\images\BLF2138\BLF2138_0.jpg,0,0,2,48.5,213.0
data\images\BLF2169\BLF2169_1.jpg,0,0,2,44.9,200.0
data\images\BLF2143\BLF2143_1.jpg,0,0,5,40.6,170.0
data\images\BLF2620\BLF2620_3.jpg,0,0,2,44.3,206.0
data\images\BLF2276\BLF2276_1.jpg,0,0,5,45.6,229.0
data\images\BLF2315\BLF2315_2.jpg,0,0,2,43.0,191.0
data\images\BLF2596\BLF2596_2.jpg,1,1,2,42.0,203.0
data\images\BLF2294\BLF2294_3.jpg,0,0,2,41.5,154.0
data\images\BLF2130\BLF2130_0.jpg,1,1,2,48.0,285.0
data\images\BLF2263\BLF2263_3.jpg,1,1,4,43.5,225.0
data\images\BLF2134\BLF2134_0.jpg,0,0,2,45.0,217.0
data\images\BLF2297\BLF2297_2.jpg,1,1,2,45.1,247.0
data\images\BLF2585\BLF2585_2.jpg,0,0,2,46.9,234.0
data\images\BLF2186\BLF2186_0.jpg,1,1,2,43.0,245.0
data\images\BLF2641\BLF2641_2.jpg,0,0,6,47.0,270.0
data\images\BLF2523\BLF2523_2.jpg,0,0,2,49.0,280.0
data\images\BLF2120\BLF2120_0.jpg,0,0,2,48.1,220.0
data\images\BLF2605\BLF2605_1.jpg,1,1,2,46.0,254.0
data\images\BLF2022\BLF2022_3.jpg,0,0,2,49.0,240.0
data\images\BLF2254\BLF2254_0.jpg,1,1,2,45.3,222.0
data\images\BLF2139\BLF2139_3.jpg,0,0,2,47.0,234.0
data\images\BLF2315\BLF2315_0.jpg,0,0,2,43.0,191.0
data\images\BLF2184\BLF2184_2.jpg,0,0,2,44.3,235.0
data\images\BLF2214\BLF2214_3.jpg,0,0,2,46.0,252.0
data\images\BLF2565\BLF2565_2.jpg,0,0,2,46.5,234.0
data\images\BLF2594\BLF2594_2.jpg,0,0,3,39.0,183.0
data\images\BLF2537\BLF2537_0.jpg,0,0,1,53.6,420.0
data\images\BLF2221\BLF2221_3.jpg,1,1,2,47.0,239.0
data\images\BLF2560\BLF2560_1.jpg,0,0,7,56.8,423.0
data\images\BLF2258\BLF2258_2.jpg,0,0,7,46.3,242.0
data\images\BLF2050\BLF2050_2.jpg,0,0,2,44.3,255.0
data\images\BLF2097\BLF2097_0.jpg,0,0,2,45.6,213.0
data\images\BLF2197\BLF2197_2.jpg,0,0,2,48.3,227.0
data\images\BLF2216\BLF2216_2.jpg,1,1,2,47.0,232.0
data\images\BLF2098\BLF2098_1.jpg,0,0,2,47.1,257.0
data\images\BLF2190\BLF2190_2.jpg,0,0,7,48.0,269.0
data\images\BLF2638\BLF2638_3.jpg,0,0,2,46.8,210.0
data\images\BLF2309\BLF2309_1.jpg,1,1,2,45.3,246.0
data\images\BLF2256\BLF2256_0.jpg,0,0,2,45.0,229.0
data\images\BLF2614\BLF2614_0.jpg,2,2,6,52.4,372.0
data\images\BLF2159\BLF2159_2.jpg,0,0,2,44.4,225.0
data\images\BLF2651\BLF2651_3.jpg,0,0,2,44.5,192.0
data\images\BLF2152\BLF2152_0.jpg,1,1,2,44.0,220.0
data\images\BLF2606\BLF2606_2.jpg,1,1,6,51.1,375.0
data\images\BLF2239\BLF2239_0.jpg,1,1,2,49.0,245.0
data\images\BLF2558\BLF2558_2.jpg,0,0,6,51.1,272.0
data\images\BLF2180\BLF2180_1.jpg,0,0,2,47.0,260.0
data\images\BLF2169\BLF2169_3.jpg,0,0,2,44.9,200.0
data\images\BLF2023\BLF2023_2.jpg,0,0,2,46.6,225.0
data\images\BLF2200\BLF2200_0.jpg,0,0,2,49.4,217.0
data\images\BLF2603\BLF2603_3.jpg,1,1,2,45.6,282.0
data\images\BLF2565\BLF2565_1.jpg,0,0,2,46.5,234.0
data\images\BLF2100\BLF2100_2.jpg,0,0,2,43.0,208.0
data\images\BLF2124\BLF2124_2.jpg,1,1,7,49.0,283.0
data\images\BLF2266\BLF2266_3.jpg,0,0,2,47.6,257.0
data\images\BLF2263\BLF2263_0.jpg,1,1,4,43.5,225.0
data\images\BLF2231\BLF2231_1.jpg,1,1,2,45.4,261.0
data\images\BLF2193\BLF2193_3.jpg,0,0,2,47.2,252.0
data\images\BLF2631\BLF2631_3.jpg,0,0,2,47.0,231.0
data\images\BLF2049\BLF2049_0.jpg,0,0,2,50.3,300.0
data\images\BLF2032\BLF2032_2.jpg,0,0,4,50.0,250.0
data\images\BLF2261\BLF2261_3.jpg,0,0,2,44.9,224.0
data\images\BLF2009\BLF2009_0.jpg,0,0,2,45.0,226.0
data\images\BLF2253\BLF2253_1.jpg,0,0,5,50.5,268.0
data\images\BLF2056\BLF2056_2.jpg,1,1,2,45.8,218.0
data\images\BLF2544\BLF2544_1.jpg,0,0,1,47.1,378.0
data\images\BLF2615\BLF2615_0.jpg,0,0,3,44.0,183.0
data\images\BLF2093\BLF2093_2.jpg,1,1,2,46.8,222.0
data\images\BLF2071\BLF2071_0.jpg,1,1,2,47.0,250.0
data\images\BLF2103\BLF2103_2.jpg,0,0,2,43.1,195.0
data\images\BLF2590\BLF2590_2.jpg,0,0,7,45.5,270.0
data\images\BLF2096\BLF2096_3.jpg,0,0,2,43.1,190.0
data\images\BLF2147\BLF2147_0.jpg,0,0,2,47.7,266.0
data\images\BLF2546\BLF2546_2.jpg,0,0,1,51.0,419.0
data\images\BLF2289\BLF2289_2.jpg,1,1,5,44.0,180.0
data\images\BLF2270\BLF2270_2.jpg,0,0,2,44.8,222.0
data\images\BLF2539\BLF2539_3.jpg,0,0,1,52.5,414.0
data\images\BLF2160\BLF2160_3.jpg,0,0,2,46.5,249.0
data\images\BLF2287\BLF2287_0.jpg,1,1,2,45.9,176.0
data\images\BLF2507\BLF2507_3.jpg,0,0,4,54.0,340.0
data\images\BLF2129\BLF2129_0.jpg,1,1,2,50.9,275.0
data\images\BLF2631\BLF2631_2.jpg,0,0,2,47.0,231.0
data\images\BLF2636\BLF2636_0.jpg,0,0,2,45.0,213.0
data\images\BLF2015\BLF2015_0.jpg,0,0,2,44.0,200.0
data\images\BLF2625\BLF2625_0.jpg,0,0,2,41.5,205.0
data\images\BLF2002\BLF2002_2.jpg,1,1,2,51.0,296.0
data\images\BLF2294\BLF2294_0.jpg,0,0,2,41.5,154.0
data\images\BLF2265\BLF2265_0.jpg,0,0,2,49.0,226.0
data\images\BLF2122\BLF2122_0.jpg,0,0,6,45.4,247.0
data\images\BLF2093\BLF2093_3.jpg,1,1,2,46.8,222.0
data\images\BLF2045\BLF2045_3.jpg,0,0,2,44.0,225.0
data\images\BLF2189\BLF2189_3.jpg,1,1,2,47.0,260.0
data\images\BLF2053\BLF2053_0.jpg,0,0,2,51.0,302.0
data\images\BLF2196\BLF2196_3.jpg,0,0,2,46.0,248.0
data\images\BLF2268\BLF2268_0.jpg,0,0,5,48.0,224.0
data\images\BLF2218\BLF2218_2.jpg,1,1,2,47.5,219.0
data\images\BLF2083\BLF2083_1.jpg,0,0,2,43.0,205.0
data\images\BLF2609\BLF2609_0.jpg,0,0,2,50.8,286.0
data\images\BLF2178\BLF2178_3.jpg,1,1,7,48.0,246.0
data\images\BLF2603\BLF2603_0.jpg,1,1,2,45.6,282.0
data\images\BLF2072\BLF2072_3.jpg,0,0,6,48.3,281.0
data\images\BLF2597\BLF2597_1.jpg,0,0,5,47.0,263.0
data\images\BLF2253\BLF2253_0.jpg,0,0,5,50.5,268.0
data\images\BLF2317\BLF2317_3.jpg,0,0,2,47.0,182.0
data\images\BLF2603\BLF2603_2.jpg,1,1,2,45.6,282.0
data\images\BLF2537\BLF2537_1.jpg,0,0,1,53.6,420.0
data\images\BLF2112\BLF2112_3.jpg,0,0,2,50.9,270.0
data\images\BLF2678\BLF2678_2.jpg,0,0,6,57.0,698.0
data\images\BLF2202\BLF2202_3.jpg,1,1,2,45.0,209.0
data\images\BLF2637\BLF2637_2.jpg,0,0,4,45.5,274.0
data\images\BLF2066\BLF2066_1.jpg,0,0,2,42.6,185.0
data\images\BLF2247\BLF2247_3.jpg,0,0,2,43.4,200.0
data\images\BLF2049\BLF2049_1.jpg,0,0,2,50.3,300.0
data\images\BLF2039\BLF2039_1.jpg,0,0,2,44.3,210.0
data\images\BLF2560\BLF2560_3.jpg,0,0,7,56.8,423.0
data\images\BLF2181\BLF2181_1.jpg,0,0,2,48.0,245.0
data\images\BLF2099\BLF2099_1.jpg,1,1,6,48.5,295.0
data\images\BLF2174\BLF2174_2.jpg,0,0,2,45.0,232.0
data\images\BLF2541\BLF2541_0.jpg,0,0,1,50.8,466.0
data\images\BLF2627\BLF2627_1.jpg,0,0,7,43.0,210.0
data\images\BLF2614\BLF2614_3.jpg,2,2,6,52.4,372.0
data\images\BLF2281\BLF2281_1.jpg,1,1,2,44.6,241.0
data\images\BLF2140\BLF2140_1.jpg,0,0,6,49.0,244.0
data\images\BLF2519\BLF2519_1.jpg,0,0,1,57.0,545.0
data\images\BLF2254\BLF2254_1.jpg,1,1,2,45.3,222.0
data\images\BLF2255\BLF2255_1.jpg,1,1,2,49.5,261.0
data\images\BLF2518\BLF2518_3.jpg,1,1,7,50.0,330.0
data\images\BLF2639\BLF2639_3.jpg,0,0,7,51.0,288.0
data\images\BLF2562\BLF2562_1.jpg,1,1,2,45.4,230.0
data\images\BLF2654\BLF2654_3.jpg,1,1,2,48.3,255.0
data\images\BLF2275\BLF2275_0.jpg,0,0,2,45.9,231.0
data\images\BLF2050\BLF2050_1.jpg,0,0,2,44.3,255.0
data\images\BLF2007\BLF2007_2.jpg,0,0,2,46.0,240.0
data\images\BLF2657\BLF2657_2.jpg,0,0,2,38.8,152.0
data\images\BLF2192\BLF2192_3.jpg,0,0,2,45.6,244.0
data\images\BLF2126\BLF2126_0.jpg,0,0,2,44.3,245.0
data\images\BLF2528\BLF2528_3.jpg,0,0,7,54.9,477.0
data\images\BLF2535\BLF2535_2.jpg,0,0,1,51.1,390.0
data\images\BLF2672\BLF2672_0.jpg,0,0,2,45.6,232.0
data\images\BLF2513\BLF2513_2.jpg,0,0,6,54.9,415.0
data\images\BLF2021\BLF2021_3.jpg,1,1,2,46.0,211.0
data\images\BLF2506\BLF2506_3.jpg,0,0,2,54.0,430.0
data\images\BLF2223\BLF2223_1.jpg,0,0,2,47.0,236.0
data\images\BLF2140\BLF2140_0.jpg,0,0,6,49.0,244.0
data\images\BLF2508\BLF2508_1.jpg,0,0,2,51.0,315.0
data\images\BLF2193\BLF2193_0.jpg,0,0,2,47.2,252.0
data\images\BLF2059\BLF2059_1.jpg,0,0,2,42.9,213.0
data\images\BLF2002\BLF2002_1.jpg,1,1,2,51.0,296.0
data\images\BLF2077\BLF2077_3.jpg,0,0,6,50.9,279.0
data\images\BLF2149\BLF2149_0.jpg,0,0,1,48.0,244.0
data\images\BLF2095\BLF2095_3.jpg,1,1,2,45.2,252.0
data\images\BLF2323\BLF2323_1.jpg,0,0,2,43.0,252.0
data\images\BLF2040\BLF2040_2.jpg,0,0,2,43.7,200.0
data\images\BLF2209\BLF2209_0.jpg,1,1,2,50.7,262.0
data\images\BLF2004\BLF2004_0.jpg,0,0,2,43.5,202.0
data\images\BLF2160\BLF2160_2.jpg,0,0,2,46.5,249.0
data\images\BLF2626\BLF2626_2.jpg,0,0,2,39.1,197.0
data\images\BLF2543\BLF2543_0.jpg,0,0,1,50.0,440.0
data\images\BLF2287\BLF2287_2.jpg,1,1,2,45.9,176.0
data\images\BLF2548\BLF2548_0.jpg,0,0,1,50.8,444.0
data\images\BLF2206\BLF2206_3.jpg,1,1,2,52.8,299.0
data\images\BLF2315\BLF2315_3.jpg,0,0,2,43.0,191.0
data\images\BLF2563\BLF2563_2.jpg,1,1,2,42.9,206.0
data\images\BLF2640\BLF2640_3.jpg,1,1,6,49.6,300.0
data\images\BLF2139\BLF2139_2.jpg,0,0,2,47.0,234.0
data\images\BLF2667\BLF2667_1.jpg,1,1,2,48.0,242.0
data\images\BLF2170\BLF2170_2.jpg,0,0,6,48.0,239.0
data\images\BLF2238\BLF2238_1.jpg,1,1,2,43.5,189.0
data\images\BLF2046\BLF2046_1.jpg,0,0,2,48.0,246.0
data\images\BLF2617\BLF2617_2.jpg,0,0,7,51.0,300.0
data\images\BLF2242\BLF2242_3.jpg,0,0,2,45.0,224.0
data\images\BLF2173\BLF2173_3.jpg,0,0,2,44.0,180.0
data\images\BLF2540\BLF2540_3.jpg,0,0,1,52.0,440.0
data\images\BLF2592\BLF2592_1.jpg,0,0,6,46.0,235.0
data\images\BLF2126\BLF2126_2.jpg,0,0,2,44.3,245.0
data\images\BLF2269\BLF2269_2.jpg,0,0,6,47.5,250.0
data\images\BLF2117\BLF2117_2.jpg,0,0,2,47.0,236.0
data\images\BLF2562\BLF2562_0.jpg,1,1,2,45.4,230.0
data\images\BLF2213\BLF2213_0.jpg,1,1,2,44.4,194.0
data\images\BLF2185\BLF2185_3.jpg,0,0,7,47.0,279.0
data\images\BLF2062\BLF2062_0.jpg,0,0,7,47.0,267.0
data\images\BLF2004\BLF2004_1.jpg,0,0,2,43.5,202.0
data\images\BLF2335\BLF2335_1.jpg,0,0,2,45.0,155.0
data\images\BLF2113\BLF2113_3.jpg,0,0,2,45.6,230.0
data\images\BLF2295\BLF2295_0.jpg,0,0,5,44.0,199.0
data\images\BLF2068\BLF2068_0.jpg,0,0,2,43.0,200.0
data\images\BLF2237\BLF2237_3.jpg,1,1,2,45.5,203.0
data\images\BLF2302\BLF2302_3.jpg,0,0,2,43.0,173.0
data\images\BLF2095\BLF2095_1.jpg,1,1,2,45.2,252.0
data\images\BLF2200\BLF2200_1.jpg,0,0,2,49.4,217.0
data\images\BLF2525\BLF2525_1.jpg,0,0,6,46.8,297.0
data\images\BLF2544\BLF2544_3.jpg,0,0,1,47.1,378.0
data\images\BLF2084\BLF2084_3.jpg,1,1,2,47.3,217.0
data\images\BLF2191\BLF2191_1.jpg,0,0,2,43.0,220.0
data\images\BLF2333\BLF2333_0.jpg,0,0,2,46.9,207.0
data\images\BLF2587\BLF2587_1.jpg,0,0,2,41.5,226.0
data\images\BLF2031\BLF2031_2.jpg,0,0,2,46.0,230.0
data\images\BLF2587\BLF2587_3.jpg,0,0,2,41.5,226.0
data\images\BLF2216\BLF2216_3.jpg,1,1,2,47.0,232.0
data\images\BLF2279\BLF2279_3.jpg,0,0,2,44.3,231.0
data\images\BLF2515\BLF2515_0.jpg,0,0,1,50.0,438.0
data\images\BLF2020\BLF2020_3.jpg,0,0,2,45.2,226.0
data\images\BLF2536\BLF2536_2.jpg,0,0,1,48.3,511.0
data\images\BLF2081\BLF2081_2.jpg,1,1,7,46.9,280.0
data\images\BLF2308\BLF2308_2.jpg,0,0,2,44.2,204.0
data\images\BLF2115\BLF2115_2.jpg,0,0,7,48.7,280.0
data\images\BLF2029\BLF2029_1.jpg,1,1,6,45.8,225.0
data\images\BLF2575\BLF2575_2.jpg,0,0,2,43.1,211.0
data\images\BLF2260\BLF2260_0.jpg,0,0,2,44.5,206.0
data\images\BLF2597\BLF2597_0.jpg,0,0,5,47.0,263.0
data\images\BLF2272\BLF2272_3.jpg,0,0,5,47.0,239.0
data\images\BLF2281\BLF2281_2.jpg,1,1,2,44.6,241.0
data\images\BLF2322\BLF2322_2.jpg,0,0,5,40.0,178.0
data\images\BLF2214\BLF2214_0.jpg,0,0,2,46.0,252.0
